table_schema,table_name,constraint_name,constraint_type,columns
"public","account_security_events","pk_account_security_events","PRIMARY KEY","id"
"public","accounting_periods","pk_accounting_periods","PRIMARY KEY","id"
"public","accounting_periods","uq_accounting_period","UNIQUE","amo_id, period"
"public","acknowledgements","pk_acknowledgements","PRIMARY KEY","id"
"public","aircraft","pk_aircraft","PRIMARY KEY","serial_number"
"public","aircraft","uq_aircraft_amo_registration","UNIQUE","amo_id, registration"
"public","aircraft","uq_aircraft_registration","UNIQUE","registration"
"public","aircraft_components","pk_aircraft_components","PRIMARY KEY","id"
"public","aircraft_components","uq_aircraft_component_aircraft_position","UNIQUE","aircraft_serial_number, position"
"public","aircraft_configuration_events","pk_aircraft_configuration_events","PRIMARY KEY","id"
"public","aircraft_documents","pk_aircraft_documents","PRIMARY KEY","id"
"public","aircraft_documents","uq_aircraft_document_unique","UNIQUE","aircraft_serial_number, document_type, authority"
"public","aircraft_import_preview_rows","pk_aircraft_import_preview_rows","PRIMARY KEY","id"
"public","aircraft_import_preview_sessions","pk_aircraft_import_preview_sessions","PRIMARY KEY","preview_id"
"public","aircraft_import_reconciliation_logs","pk_aircraft_import_reconciliation_logs","PRIMARY KEY","id"
"public","aircraft_import_snapshots","pk_aircraft_import_snapshots","PRIMARY KEY","id"
"public","aircraft_import_templates","pk_aircraft_import_templates","PRIMARY KEY","id"
"public","aircraft_import_templates","uq_aircraft_import_template_type_name","UNIQUE","template_type, name"
"public","aircraft_program_items","pk_aircraft_program_items","PRIMARY KEY","id"
"public","aircraft_program_items","uq_aircraft_program_items_aircraft_program_component","UNIQUE","aircraft_serial_number, program_item_id, aircraft_component_id"
"public","aircraft_usage","pk_aircraft_usage","PRIMARY KEY","id"
"public","aircraft_usage","uq_aircraft_usage_aircraft_date_techlog","UNIQUE","aircraft_serial_number, date, techlog_no"
"public","aircraft_utilization_daily","pk_aircraft_utilization_daily","PRIMARY KEY","id"
"public","aircraft_utilization_daily","uq_aircraft_utilization_date","UNIQUE","aircraft_serial_number, date"
"public","alembic_version","alembic_version_pkc","PRIMARY KEY","version_num"
"public","amo_assets","pk_amo_assets","PRIMARY KEY","id"
"public","amos","pk_amos","PRIMARY KEY","id"
"public","amp_program_items","pk_amp_program_items","PRIMARY KEY","id"
"public","amp_program_items","uq_amp_program_items_template_task_code","UNIQUE","template_code, task_code"
"public","amp_program_items","uq_amp_program_items_template_task_number","UNIQUE","template_code, task_number"
"public","audit_events","pk_audit_events","PRIMARY KEY","id"
"public","auth_capability_definitions","pk_auth_capability_definitions","PRIMARY KEY","id"
"public","auth_capability_definitions","uq_auth_capability_definitions_code","UNIQUE","code"
"public","auth_postholder_assignments","pk_auth_postholder_assignments","PRIMARY KEY","id"
"public","auth_postholder_assignments","uq_auth_postholder_assignment","UNIQUE","amo_id, postholder_code, user_id"
"public","auth_role_capability_bindings","pk_auth_role_capability_bindings","PRIMARY KEY","id"
"public","auth_role_capability_bindings","uq_auth_role_capability_bindings_pair","UNIQUE","role_id, capability_id"
"public","auth_role_definitions","pk_auth_role_definitions","PRIMARY KEY","id"
"public","auth_role_definitions","uq_auth_role_definitions_code","UNIQUE","code"
"public","auth_sod_policy_rules","pk_auth_sod_policy_rules","PRIMARY KEY","id"
"public","auth_sod_policy_rules","uq_auth_sod_policy_rule","UNIQUE","amo_id, rule_code"
"public","auth_user_role_assignments","pk_auth_user_role_assignments","PRIMARY KEY","id"
"public","authorisation_types","pk_authorisation_types","PRIMARY KEY","id"
"public","authorisation_types","uq_auth_types_amo_code","UNIQUE","amo_id, code"
"public","base_station_aliases","pk_base_station_aliases","PRIMARY KEY","id"
"public","base_station_aliases","uq_base_station_aliases_amo_alias","UNIQUE","amo_id, alias"
"public","base_stations","pk_base_stations","PRIMARY KEY","id"
"public","base_stations","uq_base_stations_amo_code","UNIQUE","amo_id, code"
"public","billing_audit_logs","pk_billing_audit_logs","PRIMARY KEY","id"
"public","billing_invoices","pk_billing_invoices","PRIMARY KEY","id"
"public","billing_invoices","uq_invoice_idempotency","UNIQUE","amo_id, idempotency_key"
"public","catalog_skus","pk_catalog_skus","PRIMARY KEY","id"
"public","catalog_skus","uq_catalog_skus_code","UNIQUE","code"
"public","chat_messages","pk_chat_messages","PRIMARY KEY","id"
"public","chat_messages","uq_chat_messages_sender_client_msg","UNIQUE","sender_id, client_msg_id"
"public","chat_thread_members","pk_chat_thread_members","PRIMARY KEY","id"
"public","chat_thread_members","uq_chat_thread_members_thread_user","UNIQUE","thread_id, user_id"
"public","chat_threads","pk_chat_threads","PRIMARY KEY","id"
"public","compliance_event_ledger","pk_compliance_event_ledger","PRIMARY KEY","id"
"public","component_instances","pk_component_instances","PRIMARY KEY","id"
"public","component_instances","uq_component_instance_amo_pn_sn","UNIQUE","amo_id, part_number, serial_number"
"public","crs","pk_crs","PRIMARY KEY","id"
"public","crs_signoff","pk_crs_signoff","PRIMARY KEY","id"
"public","crs_signoff","uq_crs_signoff_crs_category","UNIQUE","crs_id, category"
"public","currencies","pk_currencies","PRIMARY KEY","id"
"public","currencies","uq_currency_code","UNIQUE","code"
"public","custody_logs","pk_custody_logs","PRIMARY KEY","id"
"public","customers","pk_customers","PRIMARY KEY","id"
"public","customers","uq_customer_code","UNIQUE","amo_id, code"
"public","defect_reports","pk_defect_reports","PRIMARY KEY","id"
"public","defect_reports","uq_defect_report_idempotency","UNIQUE","amo_id, idempotency_key"
"public","defect_reports","uq_defect_report_operator_event","UNIQUE","amo_id, operator_event_id"
"public","departments","pk_departments","PRIMARY KEY","id"
"public","departments","uq_departments_amo_code","UNIQUE","amo_id, code"
"public","doc_control_acknowledgements","pk_doc_control_acknowledgements","PRIMARY KEY","ack_id"
"public","doc_control_archive_records","pk_doc_control_archive_records","PRIMARY KEY","archive_id"
"public","doc_control_audit_events","pk_doc_control_audit_events","PRIMARY KEY","id"
"public","doc_control_change_proposals","pk_doc_control_change_proposals","PRIMARY KEY","proposal_id"
"public","doc_control_distribution_events","pk_doc_control_distribution_events","PRIMARY KEY","event_id"
"public","doc_control_distribution_list_entries","pk_doc_control_distribution_list_entries","PRIMARY KEY","entry_id"
"public","doc_control_distribution_recipients","pk_doc_control_distribution_recipients","PRIMARY KEY","id"
"public","doc_control_documents","pk_doc_control_documents","PRIMARY KEY","id"
"public","doc_control_documents","uq_doc_control_documents_tenant_doc_id","UNIQUE","tenant_id, doc_id"
"public","doc_control_drafts","pk_doc_control_drafts","PRIMARY KEY","draft_id"
"public","doc_control_leps","pk_doc_control_leps","PRIMARY KEY","lep_id"
"public","doc_control_reviews","pk_doc_control_reviews","PRIMARY KEY","review_id"
"public","doc_control_revision_packages","pk_doc_control_revision_packages","PRIMARY KEY","package_id"
"public","doc_control_settings","pk_doc_control_settings","PRIMARY KEY","tenant_id"
"public","doc_control_temporary_revisions","pk_doc_control_temporary_revisions","PRIMARY KEY","tr_id"
"public","document_sections","pk_document_sections","PRIMARY KEY","id"
"public","document_versions","pk_document_versions","PRIMARY KEY","id"
"public","ehm_parsed_records","pk_ehm_parsed_records","PRIMARY KEY","id"
"public","ehm_raw_logs","pk_ehm_raw_logs","PRIMARY KEY","id"
"public","ehm_raw_logs","uq_ehm_log_dedupe","UNIQUE","amo_id, sha256_hash, aircraft_serial_number, engine_position"
"public","email_logs","pk_email_logs","PRIMARY KEY","id"
"public","engine_flight_snapshots","pk_engine_flight_snapshots","PRIMARY KEY","id"
"public","engine_flight_snapshots","uq_engine_snapshot_flight","UNIQUE","aircraft_serial_number, engine_position, flight_date, flight_leg"
"public","engine_trend_statuses","pk_engine_trend_statuses","PRIMARY KEY","id"
"public","engine_trend_statuses","uq_engine_trend_status_engine","UNIQUE","amo_id, aircraft_serial_number, engine_position, engine_serial_number"
"public","engine_utilization_daily","pk_engine_utilization_daily","PRIMARY KEY","id"
"public","engine_utilization_daily","uq_engine_utilization_date","UNIQUE","aircraft_serial_number, engine_position, date"
"public","finance_credit_notes","pk_finance_credit_notes","PRIMARY KEY","id"
"public","finance_credit_notes","uq_credit_note_idempotency","UNIQUE","amo_id, idempotency_key"
"public","finance_credit_notes","uq_credit_note_number","UNIQUE","amo_id, credit_note_number"
"public","finance_invoice_lines","pk_finance_invoice_lines","PRIMARY KEY","id"
"public","finance_invoices","pk_finance_invoices","PRIMARY KEY","id"
"public","finance_invoices","uq_finance_invoice_idempotency","UNIQUE","amo_id, idempotency_key"
"public","finance_invoices","uq_invoice_number","UNIQUE","amo_id, invoice_number"
"public","finance_payments","pk_finance_payments","PRIMARY KEY","id"
"public","finance_payments","uq_payment_idempotency","UNIQUE","amo_id, idempotency_key"
"public","fracas_actions","pk_fracas_actions","PRIMARY KEY","id"
"public","fracas_cases","pk_fracas_cases","PRIMARY KEY","id"
"public","gl_accounts","pk_gl_accounts","PRIMARY KEY","id"
"public","gl_accounts","uq_gl_account_code","UNIQUE","amo_id, code"
"public","goods_receipt_lines","pk_goods_receipt_lines","PRIMARY KEY","id"
"public","goods_receipts","pk_goods_receipts","PRIMARY KEY","id"
"public","idempotency_keys","pk_idempotency_keys","PRIMARY KEY","id"
"public","idempotency_keys","uq_idempotency_scope_key","UNIQUE","scope, key"
"public","inspector_signoffs","pk_inspector_signoffs","PRIMARY KEY","id"
"public","integration_configs","pk_integration_configs","PRIMARY KEY","id"
"public","integration_configs","uq_integration_configs_amo_key","UNIQUE","amo_id, integration_key"
"public","integration_inbound_events","pk_integration_inbound_events","PRIMARY KEY","id"
"public","integration_inbound_events","uq_integration_inbound_amo_integration_idempotency","UNIQUE","amo_id, integration_id, idempotency_key"
"public","integration_outbound_events","pk_integration_outbound_events","PRIMARY KEY","id"
"public","integration_outbound_events","uq_integration_outbound_amo_idempotency","UNIQUE","amo_id, idempotency_key"
"public","inventory_locations","pk_inventory_locations","PRIMARY KEY","id"
"public","inventory_locations","uq_inventory_location_code","UNIQUE","amo_id, code"
"public","inventory_lots","pk_inventory_lots","PRIMARY KEY","id"
"public","inventory_lots","uq_inventory_lot","UNIQUE","amo_id, part_id, lot_number"
"public","inventory_movement_ledger","pk_inventory_movement_ledger","PRIMARY KEY","id"
"public","inventory_movement_ledger","uq_inventory_ledger_idempotency","UNIQUE","amo_id, idempotency_key"
"public","inventory_parts","pk_inventory_parts","PRIMARY KEY","id"
"public","inventory_parts","uq_inventory_part_number","UNIQUE","amo_id, part_number"
"public","inventory_serials","pk_inventory_serials","PRIMARY KEY","id"
"public","inventory_serials","uq_inventory_serial","UNIQUE","amo_id, part_id, serial_number"
"public","journal_entries","pk_journal_entries","PRIMARY KEY","id"
"public","journal_lines","pk_journal_lines","PRIMARY KEY","id"
"public","ledger_entries","pk_ledger_entries","PRIMARY KEY","id"
"public","ledger_entries","uq_ledger_entry_idempotent","UNIQUE","amo_id, idempotency_key"
"public","license_entitlements","pk_license_entitlements","PRIMARY KEY","id"
"public","license_entitlements","uq_license_entitlement_unique","UNIQUE","license_id, key"
"public","maintenance_program_items_legacy","pk_maintenance_program_items","PRIMARY KEY","id"
"public","maintenance_program_items_legacy","uq_maintenance_program_item_template_ata_task","UNIQUE","aircraft_template, ata_chapter, task_code"
"public","maintenance_statuses_legacy","pk_maintenance_statuses","PRIMARY KEY","id"
"public","maintenance_statuses_legacy","uq_maintenance_status_aircraft_program_item","UNIQUE","aircraft_serial_number, program_item_id"
"public","manual_audit_log","pk_manual_audit_log","PRIMARY KEY","id"
"public","manual_blocks","pk_manual_blocks","PRIMARY KEY","id"
"public","manual_reader_progress","pk_manual_reader_progress","PRIMARY KEY","id"
"public","manual_reader_progress","uq_manual_reader_progress_revision_user","UNIQUE","revision_id, user_id"
"public","manual_revisions","pk_manual_revisions","PRIMARY KEY","id"
"public","manual_revisions","uq_manual_rev_number","UNIQUE","manual_id, rev_number"
"public","manual_sections","pk_manual_sections","PRIMARY KEY","id"
"public","manual_tenants","pk_manual_tenants","PRIMARY KEY","id"
"public","manual_tenants","uq_manual_tenants_amo_id","UNIQUE","amo_id"
"public","manual_tenants","uq_manual_tenants_slug","UNIQUE","slug"
"public","manuals","pk_manuals","PRIMARY KEY","id"
"public","manuals","uq_manual_code_tenant","UNIQUE","tenant_id, code"
"public","message_receipts","pk_message_receipts","PRIMARY KEY","id"
"public","message_receipts","uq_message_receipts_message_user","UNIQUE","message_id, user_id"
"public","module_subscriptions","pk_module_subscriptions","PRIMARY KEY","id"
"public","module_subscriptions","uq_module_subscription","UNIQUE","amo_id, module_code"
"public","oil_consumption_rates","pk_oil_consumption_rates","PRIMARY KEY","id"
"public","oil_uplifts","pk_oil_uplifts","PRIMARY KEY","id"
"public","part_movement_ledger","pk_part_movement_ledger","PRIMARY KEY","id"
"public","part_movement_ledger","uq_part_movement_idempotency","UNIQUE","amo_id, idempotency_key"
"public","password_reset_tokens","pk_password_reset_tokens","PRIMARY KEY","id"
"public","payment_allocations","pk_payment_allocations","PRIMARY KEY","id"
"public","payment_methods","pk_payment_methods","PRIMARY KEY","id"
"public","payment_methods","uq_payment_method_external_ref","UNIQUE","amo_id, provider, external_ref"
"public","personnel_profiles","pk_personnel_profiles","PRIMARY KEY","id"
"public","personnel_profiles","uq_personnel_profiles_amo_email","UNIQUE","amo_id, email"
"public","personnel_profiles","uq_personnel_profiles_amo_person_id","UNIQUE","amo_id, person_id"
"public","personnel_profiles","uq_personnel_profiles_user_id","UNIQUE","user_id"
"public","physical_controlled_copies","pk_physical_controlled_copies","PRIMARY KEY","id"
"public","physical_controlled_copies","uq_physical_controlled_copy_serial","UNIQUE","amo_id, copy_serial_number"
"public","platform_api_keys","pk_platform_api_keys","PRIMARY KEY","id"
"public","platform_api_keys","uq_platform_api_keys_prefix","UNIQUE","key_prefix"
"public","platform_audit_log","pk_platform_audit_log","PRIMARY KEY","id"
"public","platform_command_job_events","pk_platform_command_job_events","PRIMARY KEY","id"
"public","platform_command_jobs","pk_platform_command_jobs","PRIMARY KEY","id"
"public","platform_command_jobs","uq_platform_command_jobs_idempotency_key","UNIQUE","idempotency_key"
"public","platform_diagnostic_runs","pk_platform_diagnostic_runs","PRIMARY KEY","id"
"public","platform_feature_flags","pk_platform_feature_flags","PRIMARY KEY","id"
"public","platform_feature_flags","uq_platform_feature_flag_scope","UNIQUE","key, scope, tenant_id, plan_code"
"public","platform_health_snapshots","pk_platform_health_snapshots","PRIMARY KEY","id"
"public","platform_infrastructure_snapshots","pk_platform_infrastructure_snapshots","PRIMARY KEY","id"
"public","platform_integration_providers","pk_platform_integration_providers","PRIMARY KEY","id"
"public","platform_integration_providers","uq_platform_integration_provider","UNIQUE","provider"
"public","platform_maintenance_windows","pk_platform_maintenance_windows","PRIMARY KEY","id"
"public","platform_notifications","pk_platform_notifications","PRIMARY KEY","id"
"public","platform_route_metrics_1m","pk_platform_route_metrics_1m","PRIMARY KEY","id"
"public","platform_route_metrics_1m","uq_platform_route_metric_bucket","UNIQUE","bucket_start, method, route, tenant_id, is_platform_route"
"public","platform_security_alerts","pk_platform_security_alerts","PRIMARY KEY","id"
"public","platform_settings","pk_platform_settings","PRIMARY KEY","id"
"public","platform_support_sessions","pk_platform_support_sessions","PRIMARY KEY","id"
"public","platform_support_tickets","pk_platform_support_tickets","PRIMARY KEY","id"
"public","platform_tenant_resource_snapshots","pk_platform_tenant_resource_snapshots","PRIMARY KEY","id"
"public","platform_webhook_configs","pk_platform_webhook_configs","PRIMARY KEY","id"
"public","platform_webhook_delivery_logs","pk_platform_webhook_delivery_logs","PRIMARY KEY","id"
"public","platform_worker_heartbeats","pk_platform_worker_heartbeats","PRIMARY KEY","id"
"public","platform_worker_heartbeats","uq_platform_worker_name","UNIQUE","worker_name"
"public","presence_state","pk_presence_state","PRIMARY KEY","id"
"public","presence_state","uq_presence_state_amo_user","UNIQUE","amo_id, user_id"
"public","prompt_deliveries","pk_prompt_deliveries","PRIMARY KEY","id"
"public","prompt_deliveries","uq_prompt_deliveries_prompt_user","UNIQUE","prompt_id, user_id"
"public","prompts","pk_prompts","PRIMARY KEY","id"
"public","purchase_order_lines","pk_purchase_order_lines","PRIMARY KEY","id"
"public","purchase_orders","pk_purchase_orders","PRIMARY KEY","id"
"public","purchase_orders","uq_purchase_order_number","UNIQUE","amo_id, po_number"
"public","qms_activity_logs","qms_activity_logs_pkey","PRIMARY KEY","id"
"public","qms_approval_matrix","qms_approval_matrix_pkey","PRIMARY KEY","id"
"public","qms_archive_package_items","qms_archive_package_items_pkey","PRIMARY KEY","id"
"public","qms_archive_packages","qms_archive_packages_pkey","PRIMARY KEY","id"
"public","qms_audit_archives","qms_audit_archives_pkey","PRIMARY KEY","id"
"public","qms_audit_checklist_items","qms_audit_checklist_items_pkey","PRIMARY KEY","id"
"public","qms_audit_checklists","qms_audit_checklists_pkey","PRIMARY KEY","id"
"public","qms_audit_evidence","qms_audit_evidence_pkey","PRIMARY KEY","id"
"public","qms_audit_findings","pk_qms_audit_findings","PRIMARY KEY","id"
"public","qms_audit_notices","qms_audit_notices_pkey","PRIMARY KEY","id"
"public","qms_audit_post_briefs","qms_audit_post_briefs_pkey","PRIMARY KEY","id"
"public","qms_audit_programs","qms_audit_programs_pkey","PRIMARY KEY","id"
"public","qms_audit_reference_counters","pk_qms_audit_reference_counters","PRIMARY KEY","id"
"public","qms_audit_reference_counters","uq_qms_audit_ref_counter_scope","UNIQUE","amo_id, reference_family, unit_code, ref_year"
"public","qms_audit_reports","qms_audit_reports_pkey","PRIMARY KEY","id"
"public","qms_audit_schedules","pk_qms_audit_schedules","PRIMARY KEY","id"
"public","qms_audit_scopes","qms_audit_scopes_pkey","PRIMARY KEY","id"
"public","qms_audit_team_members","qms_audit_team_members_pkey","PRIMARY KEY","id"
"public","qms_audit_war_room_files","qms_audit_war_room_files_pkey","PRIMARY KEY","id"
"public","qms_audits","pk_qms_audits","PRIMARY KEY","id"
"public","qms_audits","uq_qms_audit_ref_per_amo","UNIQUE","amo_id, domain, audit_ref"
"public","qms_audits","uq_qms_audit_ref_scope_per_amo","UNIQUE","amo_id, domain, reference_family, unit_code, ref_year, ref_sequence"
"public","qms_authority_correspondence","qms_authority_correspondence_pkey","PRIMARY KEY","id"
"public","qms_calendar_settings","pk_qms_calendar_settings","PRIMARY KEY","amo_id"
"public","qms_calibration_certificates","qms_calibration_certificates_pkey","PRIMARY KEY","id"
"public","qms_calibration_records","qms_calibration_records_pkey","PRIMARY KEY","id"
"public","qms_car_action_items","qms_car_action_items_pkey","PRIMARY KEY","id"
"public","qms_car_closure_records","qms_car_closure_records_pkey","PRIMARY KEY","id"
"public","qms_car_containment_actions","qms_car_containment_actions_pkey","PRIMARY KEY","id"
"public","qms_car_corrective_action_plans","qms_car_corrective_action_plans_pkey","PRIMARY KEY","id"
"public","qms_car_effectiveness_reviews","qms_car_effectiveness_reviews_pkey","PRIMARY KEY","id"
"public","qms_car_evidence","qms_car_evidence_pkey","PRIMARY KEY","id"
"public","qms_car_rejections","qms_car_rejections_pkey","PRIMARY KEY","id"
"public","qms_car_reviews","qms_car_reviews_pkey","PRIMARY KEY","id"
"public","qms_car_root_causes","qms_car_root_causes_pkey","PRIMARY KEY","id"
"public","qms_change_controls","qms_change_controls_pkey","PRIMARY KEY","id"
"public","qms_competence_gaps","qms_competence_gaps_pkey","PRIMARY KEY","id"
"public","qms_competence_matrix","qms_competence_matrix_pkey","PRIMARY KEY","id"
"public","qms_context_items","qms_context_items_pkey","PRIMARY KEY","id"
"public","qms_corrective_actions_legacy","pk_qms_corrective_actions","PRIMARY KEY","id"
"public","qms_customer_complaints","qms_customer_complaints_pkey","PRIMARY KEY","id"
"public","qms_customer_feedback","qms_customer_feedback_pkey","PRIMARY KEY","id"
"public","qms_dashboard_widgets","qms_dashboard_widgets_pkey","PRIMARY KEY","id"
"public","qms_document_acknowledgements","qms_document_acknowledgements_pkey","PRIMARY KEY","id"
"public","qms_document_approval_letters","qms_document_approval_letters_pkey","PRIMARY KEY","id"
"public","qms_document_approvals","qms_document_approvals_pkey","PRIMARY KEY","id"
"public","qms_document_change_requests","qms_document_change_requests_pkey","PRIMARY KEY","id"
"public","qms_document_distribution","qms_document_distribution_pkey","PRIMARY KEY","id"
"public","qms_document_distributions","pk_qms_document_distributions","PRIMARY KEY","id"
"public","qms_document_obsolete_records","qms_document_obsolete_records_pkey","PRIMARY KEY","id"
"public","qms_document_revisions","pk_qms_document_revisions","PRIMARY KEY","id"
"public","qms_document_revisions","uq_qms_doc_revision","UNIQUE","document_id, issue_no, rev_no"
"public","qms_document_sections","qms_document_sections_pkey","PRIMARY KEY","id"
"public","qms_document_templates","qms_document_templates_pkey","PRIMARY KEY","id"
"public","qms_document_versions","qms_document_versions_pkey","PRIMARY KEY","id"
"public","qms_documents","pk_qms_documents","PRIMARY KEY","id"
"public","qms_documents","uq_qms_doc_code_per_amo","UNIQUE","amo_id, domain, doc_type, doc_code"
"public","qms_equipment","qms_equipment_pkey","PRIMARY KEY","id"
"public","qms_equipment_status_history","qms_equipment_status_history_pkey","PRIMARY KEY","id"
"public","qms_evidence_files","qms_evidence_files_pkey","PRIMARY KEY","id"
"public","qms_external_audits","qms_external_audits_pkey","PRIMARY KEY","id"
"public","qms_external_commitments","qms_external_commitments_pkey","PRIMARY KEY","id"
"public","qms_external_items","qms_external_items_pkey","PRIMARY KEY","id"
"public","qms_external_responses","qms_external_responses_pkey","PRIMARY KEY","id"
"public","qms_file_access_logs","qms_file_access_logs_pkey","PRIMARY KEY","id"
"public","qms_file_hashes","qms_file_hashes_pkey","PRIMARY KEY","id"
"public","qms_finding_classifications","qms_finding_classifications_pkey","PRIMARY KEY","id"
"public","qms_finding_evidence","qms_finding_evidence_pkey","PRIMARY KEY","id"
"public","qms_finding_links","qms_finding_links_pkey","PRIMARY KEY","id"
"public","qms_finding_sources","qms_finding_sources_pkey","PRIMARY KEY","id"
"public","qms_findings","qms_findings_pkey","PRIMARY KEY","id"
"public","qms_form_definitions","qms_form_definitions_pkey","PRIMARY KEY","id"
"public","qms_interested_parties","qms_interested_parties_pkey","PRIMARY KEY","id"
"public","qms_management_review_actions","qms_management_review_actions_pkey","PRIMARY KEY","id"
"public","qms_management_review_approvals","qms_management_review_approvals_pkey","PRIMARY KEY","id"
"public","qms_management_review_decisions","qms_management_review_decisions_pkey","PRIMARY KEY","id"
"public","qms_management_review_inputs","qms_management_review_inputs_pkey","PRIMARY KEY","id"
"public","qms_management_review_minutes","qms_management_review_minutes_pkey","PRIMARY KEY","id"
"public","qms_management_reviews","qms_management_reviews_pkey","PRIMARY KEY","id"
"public","qms_manual_change_requests","pk_qms_manual_change_requests","PRIMARY KEY","id"
"public","qms_metric_definitions","qms_metric_definitions_pkey","PRIMARY KEY","id"
"public","qms_notification_rules","qms_notification_rules_pkey","PRIMARY KEY","id"
"public","qms_notifications","pk_qms_notifications","PRIMARY KEY","id"
"public","qms_numbering_rules","qms_numbering_rules_pkey","PRIMARY KEY","id"
"public","qms_opportunities","qms_opportunities_pkey","PRIMARY KEY","id"
"public","qms_out_of_tolerance_events","qms_out_of_tolerance_events_pkey","PRIMARY KEY","id"
"public","qms_process_owners","qms_process_owners_pkey","PRIMARY KEY","id"
"public","qms_processes","qms_processes_pkey","PRIMARY KEY","id"
"public","qms_public_holidays","pk_qms_public_holidays","PRIMARY KEY","id"
"public","qms_public_holidays","uq_qms_public_holidays_amo_date_uid","UNIQUE","amo_id, holiday_date, source_uid"
"public","qms_quality_objectives","qms_quality_objectives_pkey","PRIMARY KEY","id"
"public","qms_quality_policy","qms_quality_policy_pkey","PRIMARY KEY","id"
"public","qms_regulator_findings","qms_regulator_findings_pkey","PRIMARY KEY","id"
"public","qms_report_definitions","qms_report_definitions_pkey","PRIMARY KEY","id"
"public","qms_report_exports","qms_report_exports_pkey","PRIMARY KEY","id"
"public","qms_retention_rules","qms_retention_rules_pkey","PRIMARY KEY","id"
"public","qms_risk_actions","qms_risk_actions_pkey","PRIMARY KEY","id"
"public","qms_risk_controls","qms_risk_controls_pkey","PRIMARY KEY","id"
"public","qms_risks","qms_risks_pkey","PRIMARY KEY","id"
"public","qms_settings","qms_settings_pkey","PRIMARY KEY","id"
"public","qms_supplier_approvals","qms_supplier_approvals_pkey","PRIMARY KEY","id"
"public","qms_supplier_audits","qms_supplier_audits_pkey","PRIMARY KEY","id"
"public","qms_supplier_documents","qms_supplier_documents_pkey","PRIMARY KEY","id"
"public","qms_supplier_evaluations","qms_supplier_evaluations_pkey","PRIMARY KEY","id"
"public","qms_supplier_findings","qms_supplier_findings_pkey","PRIMARY KEY","id"
"public","qms_supplier_performance_scores","qms_supplier_performance_scores_pkey","PRIMARY KEY","id"
"public","qms_supplier_scopes","qms_supplier_scopes_pkey","PRIMARY KEY","id"
"public","qms_suppliers","qms_suppliers_pkey","PRIMARY KEY","id"
"public","qms_task_assignments","qms_task_assignments_pkey","PRIMARY KEY","id"
"public","qms_task_comments","qms_task_comments_pkey","PRIMARY KEY","id"
"public","qms_tasks","qms_tasks_pkey","PRIMARY KEY","id"
"public","qms_templates","qms_templates_pkey","PRIMARY KEY","id"
"public","qms_training_courses","qms_training_courses_pkey","PRIMARY KEY","id"
"public","qms_training_evaluations","qms_training_evaluations_pkey","PRIMARY KEY","id"
"public","qms_training_records","qms_training_records_pkey","PRIMARY KEY","id"
"public","qms_training_requirements","qms_training_requirements_pkey","PRIMARY KEY","id"
"public","qms_workflow_rules","qms_workflow_rules_pkey","PRIMARY KEY","id"
"public","quality_archive_packages","pk_quality_archive_packages","PRIMARY KEY","id"
"public","quality_archive_packages","uq_quality_archive_package_ref","UNIQUE","amo_id, audit_id, package_ref"
"public","quality_audit_checklist_items","pk_quality_audit_checklist_items","PRIMARY KEY","id"
"public","quality_audit_document_requests","pk_quality_audit_document_requests","PRIMARY KEY","id"
"public","quality_audit_post_briefs","pk_quality_audit_post_briefs","PRIMARY KEY","id"
"public","quality_audit_report_trackers","pk_quality_audit_report_trackers","PRIMARY KEY","id"
"public","quality_car_actions","pk_quality_car_actions","PRIMARY KEY","id"
"public","quality_car_extension_requests","pk_quality_car_extension_requests","PRIMARY KEY","id"
"public","quality_car_responses","pk_quality_car_responses","PRIMARY KEY","id"
"public","quality_cars","pk_quality_cars","PRIMARY KEY","id"
"public","quality_cars","uq_quality_car_number","UNIQUE","program, car_number"
"public","quality_cars","uq_quality_cars_invite_token","UNIQUE","invite_token"
"public","quality_reminder_milestones","pk_quality_reminder_milestones","PRIMARY KEY","id"
"public","quality_tenant_backfill_issues","pk_quality_tenant_backfill_issues","PRIMARY KEY","id"
"public","quality_tenant_workflow_settings","pk_quality_tenant_workflow_settings","PRIMARY KEY","id"
"public","realtime_connect_tokens","pk_realtime_connect_tokens","PRIMARY KEY","id"
"public","realtime_connect_tokens","uq_realtime_connect_tokens_token_hash","UNIQUE","token_hash"
"public","realtime_outbox","pk_realtime_outbox","PRIMARY KEY","id"
"public","reliability_alert_rules","pk_reliability_alert_rules","PRIMARY KEY","id"
"public","reliability_alerts","pk_reliability_alerts","PRIMARY KEY","id"
"public","reliability_control_chart_configs","pk_reliability_control_chart_configs","PRIMARY KEY","id"
"public","reliability_events","pk_reliability_events","PRIMARY KEY","id"
"public","reliability_kpis","pk_reliability_kpis","PRIMARY KEY","id"
"public","reliability_notification_rules","pk_reliability_notification_rules","PRIMARY KEY","id"
"public","reliability_notifications","pk_reliability_notifications","PRIMARY KEY","id"
"public","reliability_notifications","uq_reliability_notifications_dedupe","UNIQUE","amo_id, user_id, dedupe_key"
"public","reliability_reports","pk_reliability_reports","PRIMARY KEY","id"
"public","reliability_threshold_sets","pk_reliability_threshold_sets","PRIMARY KEY","id"
"public","removal_events","pk_removal_events","PRIMARY KEY","id"
"public","removal_events","uq_removal_tracking_id","UNIQUE","amo_id, removal_tracking_id"
"public","revision_diff_index","pk_revision_diff_index","PRIMARY KEY","id"
"public","roster_assignments","pk_roster_assignments","PRIMARY KEY","id"
"public","roster_periods","pk_roster_periods","PRIMARY KEY","id"
"public","roster_periods","uq_roster_periods_amo_code","UNIQUE","amo_id, period_code"
"public","roster_publication_acknowledgements","pk_roster_publication_acknowledgements","PRIMARY KEY","id"
"public","roster_publication_acknowledgements","uq_roster_ack_version_user","UNIQUE","version_id, user_id"
"public","roster_task_assignment_links","pk_roster_task_assignment_links","PRIMARY KEY","id"
"public","roster_task_assignment_links","uq_roster_task_assignment_link","UNIQUE","roster_assignment_id, task_assignment_id"
"public","roster_validation_findings","pk_roster_validation_findings","PRIMARY KEY","id"
"public","roster_versions","pk_roster_versions","PRIMARY KEY","id"
"public","roster_versions","uq_roster_versions_period_no","UNIQUE","period_id, version_no"
"public","shift_templates","pk_shift_templates","PRIMARY KEY","id"
"public","shift_templates","uq_shift_templates_amo_code","UNIQUE","amo_id, code"
"public","shop_visits","pk_shop_visits","PRIMARY KEY","id"
"public","shop_visits","uq_shop_visit_record","UNIQUE","amo_id, shop_record_id"
"public","task_assignments","pk_task_assignments","PRIMARY KEY","id"
"public","task_assignments","uq_task_assignments_task_user_role","UNIQUE","task_id, user_id, role_on_task"
"public","task_cards","pk_task_cards","PRIMARY KEY","id"
"public","task_cards","uq_taskcard_workorder_taskcode","UNIQUE","work_order_id, task_code"
"public","task_step_executions","pk_task_step_executions","PRIMARY KEY","id"
"public","task_steps","pk_task_steps","PRIMARY KEY","id"
"public","task_steps","uq_task_steps_task_stepno","UNIQUE","task_id, step_no"
"public","tasks","pk_tasks","PRIMARY KEY","id"
"public","tax_codes","pk_tax_codes","PRIMARY KEY","id"
"public","tax_codes","uq_tax_code","UNIQUE","code"
"public","technical_aircraft_utilisation_legacy","pk_technical_aircraft_utilisation","PRIMARY KEY","id"
"public","technical_airworthiness_compliance_events","pk_technical_airworthiness_compliance_events","PRIMARY KEY","id"
"public","technical_airworthiness_items","pk_technical_airworthiness_items","PRIMARY KEY","id"
"public","technical_airworthiness_items","uq_tr_airworthiness_ref","UNIQUE","amo_id, item_type, reference"
"public","technical_airworthiness_publication_matches","pk_technical_airworthiness_publication_matches","PRIMARY KEY","id"
"public","technical_airworthiness_publication_matches","uq_tr_watchlist_publication_match","UNIQUE","amo_id, watchlist_id, publication_id"
"public","technical_airworthiness_publications","pk_technical_airworthiness_publications","PRIMARY KEY","id"
"public","technical_airworthiness_publications","uq_tr_publication_source_doc","UNIQUE","amo_id, source, doc_number"
"public","technical_airworthiness_watchlists","pk_technical_airworthiness_watchlists","PRIMARY KEY","id"
"public","technical_compliance_action_history","pk_technical_compliance_action_history","PRIMARY KEY","id"
"public","technical_compliance_actions","pk_technical_compliance_actions","PRIMARY KEY","id"
"public","technical_deferrals","pk_technical_deferrals","PRIMARY KEY","id"
"public","technical_exception_queue","pk_technical_exception_queue","PRIMARY KEY","id"
"public","technical_logbook_entries","pk_technical_logbook_entries","PRIMARY KEY","id"
"public","technical_maintenance_records","pk_technical_maintenance_records","PRIMARY KEY","id"
"public","technical_production_execution_evidence","pk_technical_production_execution_evidence","PRIMARY KEY","id"
"public","technical_production_release_gates","pk_technical_production_release_gates","PRIMARY KEY","id"
"public","technical_production_release_gates","uq_tr_release_gate_amo_wo","UNIQUE","amo_id, work_order_id"
"public","technical_record_settings","pk_technical_record_settings","PRIMARY KEY","id"
"public","technical_record_settings","uq_technical_record_settings_amo_id","UNIQUE","amo_id"
"public","tenant_licenses","pk_tenant_licenses","PRIMARY KEY","id"
"public","training_audit_logs","pk_training_audit_logs","PRIMARY KEY","id"
"public","training_certificate_issues","pk_training_certificate_issues","PRIMARY KEY","id"
"public","training_certificate_issues","uq_training_certificate_issues_amo_number","UNIQUE","amo_id, certificate_number"
"public","training_certificate_status_history","pk_training_certificate_status_history","PRIMARY KEY","id"
"public","training_courses","pk_training_courses","PRIMARY KEY","id"
"public","training_courses","uq_training_courses_amo_courseid","UNIQUE","amo_id, course_id"
"public","training_deferral_requests","pk_training_deferral_requests","PRIMARY KEY","id"
"public","training_event_participants","pk_training_event_participants","PRIMARY KEY","id"
"public","training_event_participants","uq_training_event_participants_event_user","UNIQUE","event_id, user_id"
"public","training_events","pk_training_events","PRIMARY KEY","id"
"public","training_files","pk_training_files","PRIMARY KEY","id"
"public","training_notifications","pk_training_notifications","PRIMARY KEY","id"
"public","training_notifications","uq_training_notifications_dedupe","UNIQUE","amo_id, user_id, dedupe_key"
"public","training_records","pk_training_records","PRIMARY KEY","id"
"public","training_requirements","pk_training_requirements","PRIMARY KEY","id"
"public","training_requirements","uq_training_requirements_identity","UNIQUE","amo_id, course_id, scope, department_code, job_role, user_id"
"public","usage_meters","pk_usage_meters","PRIMARY KEY","id"
"public","usage_meters","uq_usage_meter_key","UNIQUE","amo_id, meter_key"
"public","user_active_context","pk_user_active_context","PRIMARY KEY","id"
"public","user_active_context","uq_user_active_context_user","UNIQUE","user_id"
"public","user_authorisations","pk_user_authorisations","PRIMARY KEY","id"
"public","user_authorisations","uq_user_auth_unique","UNIQUE","user_id, authorisation_type_id, effective_from"
"public","user_availability","pk_user_availability","PRIMARY KEY","id"
"public","user_base_assignments","pk_user_base_assignments","PRIMARY KEY","id"
"public","user_group_members","pk_user_group_members","PRIMARY KEY","id"
"public","user_group_members","uq_user_group_members_group_user","UNIQUE","group_id, user_id"
"public","user_groups","pk_user_groups","PRIMARY KEY","id"
"public","user_groups","uq_user_groups_amo_code","UNIQUE","amo_id, code"
"public","user_groups","uq_user_groups_amo_name","UNIQUE","amo_id, name"
"public","users","pk_users","PRIMARY KEY","id"
"public","users","uq_users_amo_email","UNIQUE","amo_id, email"
"public","users","uq_users_amo_staff_code","UNIQUE","amo_id, staff_code"
"public","vendors","pk_vendors","PRIMARY KEY","id"
"public","vendors","uq_vendor_code","UNIQUE","amo_id, code"
"public","work_log_entries","pk_work_log_entries","PRIMARY KEY","id"
"public","work_orders","pk_work_orders","PRIMARY KEY","id"
"public","work_orders","uq_work_orders_amo_number","UNIQUE","amo_id, wo_number"