table_schema,table_name,constraint_name,columns,foreign_table_schema,foreign_table_name,foreign_columns
"public","account_security_events","fk_account_security_events_amo_id_amos","amo_id","public","amos","id"
"public","account_security_events","fk_account_security_events_user_id_users","user_id","public","users","id"
"public","accounting_periods","fk_accounting_periods_amo_id_amos","amo_id","public","amos","id"
"public","accounting_periods","fk_accounting_periods_closed_by_user_id_users","closed_by_user_id","public","users","id"
"public","acknowledgements","fk_acknowledgements_holder_user_id_users","holder_user_id","public","users","id"
"public","acknowledgements","fk_acknowledgements_revision_id_manual_revisions","revision_id","public","manual_revisions","id"
"public","aircraft","fk_aircraft_amo_id_amos","amo_id","public","amos","id"
"public","aircraft_components","fk_aircraft_components_aircraft_serial_number_aircraft","aircraft_serial_number","public","aircraft","serial_number"
"public","aircraft_components","fk_aircraft_components_amo_id_amos","amo_id","public","amos","id"
"public","aircraft_configuration_events","fk_aircraft_configuration_events_aircraft_serial_number_c668","aircraft_serial_number","public","aircraft","serial_number"
"public","aircraft_configuration_events","fk_aircraft_configuration_events_amo_id_amos","amo_id","public","amos","id"
"public","aircraft_configuration_events","fk_aircraft_configuration_events_component_instance_id__e470","component_instance_id","public","component_instances","id"
"public","aircraft_configuration_events","fk_aircraft_configuration_events_task_card_id_task_cards","task_card_id","public","task_cards","id"
"public","aircraft_configuration_events","fk_aircraft_configuration_events_work_order_id_work_orders","work_order_id","public","work_orders","id"
"public","aircraft_documents","fk_aircraft_documents_aircraft_serial_number_aircraft","aircraft_serial_number","public","aircraft","serial_number"
"public","aircraft_documents","fk_aircraft_documents_last_uploaded_by_user_id_users","last_uploaded_by_user_id","public","users","id"
"public","aircraft_documents","fk_aircraft_documents_override_by_user_id_users","override_by_user_id","public","users","id"
"public","aircraft_import_preview_rows","fk_aircraft_import_preview_rows_preview_id_aircraft_imp_0cd0","preview_id","public","aircraft_import_preview_sessions","preview_id"
"public","aircraft_import_preview_sessions","fk_aircraft_import_preview_sessions_created_by_user_id_users","created_by_user_id","public","users","id"
"public","aircraft_import_reconciliation_logs","fk_aircraft_import_reconciliation_logs_created_by_user_id_users","created_by_user_id","public","users","id"
"public","aircraft_import_reconciliation_logs","fk_aircraft_import_reconciliation_logs_snapshot_id_airc_8d0c","snapshot_id","public","aircraft_import_snapshots","id"
"public","aircraft_import_snapshots","fk_aircraft_import_snapshots_created_by_user_id_users","created_by_user_id","public","users","id"
"public","aircraft_program_items","fk_aircraft_program_items_aircraft_component_id_aircraf_0236","aircraft_component_id","public","aircraft_components","id"
"public","aircraft_program_items","fk_aircraft_program_items_aircraft_serial_number_aircraft","aircraft_serial_number","public","aircraft","serial_number"
"public","aircraft_program_items","fk_aircraft_program_items_created_by_user_id_users","created_by_user_id","public","users","id"
"public","aircraft_program_items","fk_aircraft_program_items_program_item_id_amp_program_items","program_item_id","public","amp_program_items","id"
"public","aircraft_program_items","fk_aircraft_program_items_updated_by_user_id_users","updated_by_user_id","public","users","id"
"public","aircraft_usage","fk_aircraft_usage_aircraft_serial_number_aircraft","aircraft_serial_number","public","aircraft","serial_number"
"public","aircraft_usage","fk_aircraft_usage_amo_id_amos","amo_id","public","amos","id"
"public","aircraft_usage","fk_aircraft_usage_created_by_user_id_users","created_by_user_id","public","users","id"
"public","aircraft_usage","fk_aircraft_usage_updated_by_user_id_users","updated_by_user_id","public","users","id"
"public","aircraft_utilization_daily","fk_aircraft_utilization_daily_aircraft_serial_number_aircraft","aircraft_serial_number","public","aircraft","serial_number"
"public","aircraft_utilization_daily","fk_aircraft_utilization_daily_amo_id_amos","amo_id","public","amos","id"
"public","amo_assets","fk_amo_assets_amo_id_amos","amo_id","public","amos","id"
"public","amo_assets","fk_amo_assets_uploaded_by_user_id_users","uploaded_by_user_id","public","users","id"
"public","amp_program_items","fk_amp_program_items_created_by_user_id_users","created_by_user_id","public","users","id"
"public","amp_program_items","fk_amp_program_items_updated_by_user_id_users","updated_by_user_id","public","users","id"
"public","audit_events","fk_audit_events_actor_user_id_users","actor_user_id","public","users","id"
"public","audit_events","fk_audit_events_amo_id_amos","amo_id","public","amos","id"
"public","auth_postholder_assignments","fk_auth_postholder_assignments_amo_id_amos","amo_id","public","amos","id"
"public","auth_postholder_assignments","fk_auth_postholder_assignments_assigned_by_user_id_users","assigned_by_user_id","public","users","id"
"public","auth_postholder_assignments","fk_auth_postholder_assignments_delegated_to_user_id_users","delegated_to_user_id","public","users","id"
"public","auth_postholder_assignments","fk_auth_postholder_assignments_department_id_departments","department_id","public","departments","id"
"public","auth_postholder_assignments","fk_auth_postholder_assignments_user_id_users","user_id","public","users","id"
"public","auth_role_capability_bindings","fk_auth_role_capability_bindings_capability_id_auth_cap_d68b","capability_id","public","auth_capability_definitions","id"
"public","auth_role_capability_bindings","fk_auth_role_capability_bindings_role_id_auth_role_definitions","role_id","public","auth_role_definitions","id"
"public","auth_sod_policy_rules","fk_auth_sod_policy_rules_amo_id_amos","amo_id","public","amos","id"
"public","auth_user_role_assignments","fk_auth_user_role_assignments_amo_id_amos","amo_id","public","amos","id"
"public","auth_user_role_assignments","fk_auth_user_role_assignments_assigned_by_user_id_users","assigned_by_user_id","public","users","id"
"public","auth_user_role_assignments","fk_auth_user_role_assignments_department_id_departments","department_id","public","departments","id"
"public","auth_user_role_assignments","fk_auth_user_role_assignments_role_id_auth_role_definitions","role_id","public","auth_role_definitions","id"
"public","auth_user_role_assignments","fk_auth_user_role_assignments_user_id_users","user_id","public","users","id"
"public","authorisation_types","fk_authorisation_types_amo_id_amos","amo_id","public","amos","id"
"public","base_station_aliases","fk_base_station_aliases_amo_id_amos","amo_id","public","amos","id"
"public","base_station_aliases","fk_base_station_aliases_base_station_id_base_stations","base_station_id","public","base_stations","id"
"public","base_stations","fk_base_stations_amo_id_amos","amo_id","public","amos","id"
"public","base_stations","fk_base_stations_created_by_user_id_users","created_by_user_id","public","users","id"
"public","base_stations","fk_base_stations_updated_by_user_id_users","updated_by_user_id","public","users","id"
"public","billing_audit_logs","fk_billing_audit_logs_amo_id_amos","amo_id","public","amos","id"
"public","billing_invoices","fk_billing_invoices_amo_id_amos","amo_id","public","amos","id"
"public","billing_invoices","fk_billing_invoices_ledger_entry_id_ledger_entries","ledger_entry_id","public","ledger_entries","id"
"public","billing_invoices","fk_billing_invoices_license_id_tenant_licenses","license_id","public","tenant_licenses","id"
"public","chat_messages","fk_chat_messages_amo_id_amos","amo_id","public","amos","id"
"public","chat_messages","fk_chat_messages_sender_id_users","sender_id","public","users","id"
"public","chat_messages","fk_chat_messages_thread_id_chat_threads","thread_id","public","chat_threads","id"
"public","chat_thread_members","fk_chat_thread_members_thread_id_chat_threads","thread_id","public","chat_threads","id"
"public","chat_thread_members","fk_chat_thread_members_user_id_users","user_id","public","users","id"
"public","chat_threads","fk_chat_threads_amo_id_amos","amo_id","public","amos","id"
"public","chat_threads","fk_chat_threads_created_by_users","created_by","public","users","id"
"public","compliance_event_ledger","fk_compliance_event_ledger_actor_user_id_users","actor_user_id","public","users","id"
"public","compliance_event_ledger","fk_compliance_event_ledger_amo_id_amos","amo_id","public","amos","id"
"public","component_instances","fk_component_instances_amo_id_amos","amo_id","public","amos","id"
"public","crs","fk_crs_aircraft_serial_number_aircraft","aircraft_serial_number","public","aircraft","serial_number"
"public","crs","fk_crs_created_by_id_users","created_by_id","public","users","id"
"public","crs","fk_crs_work_order_id_work_orders","work_order_id","public","work_orders","id"
"public","crs_signoff","fk_crs_signoff_crs_id_crs","crs_id","public","crs","id"
"public","custody_logs","fk_custody_logs_amo_id_amos","amo_id","public","amos","id"
"public","custody_logs","fk_custody_logs_physical_copy_id_physical_controlled_copies","physical_copy_id","public","physical_controlled_copies","id"
"public","custody_logs","fk_custody_logs_user_id_users","user_id","public","users","id"
"public","customers","fk_customers_amo_id_amos","amo_id","public","amos","id"
"public","defect_reports","fk_defect_reports_aircraft_serial_number_aircraft","aircraft_serial_number","public","aircraft","serial_number"
"public","defect_reports","fk_defect_reports_amo_id_amos","amo_id","public","amos","id"
"public","defect_reports","fk_defect_reports_created_by_user_id_users","created_by_user_id","public","users","id"
"public","defect_reports","fk_defect_reports_task_card_id_task_cards","task_card_id","public","task_cards","id"
"public","defect_reports","fk_defect_reports_work_order_id_work_orders","work_order_id","public","work_orders","id"
"public","departments","fk_departments_amo_id_amos","amo_id","public","amos","id"
"public","doc_control_acknowledgements","fk_doc_control_acknowledgements_event_id_doc_control_di_0190","event_id","public","doc_control_distribution_events","event_id"
"public","doc_control_acknowledgements","fk_doc_control_acknowledgements_recipient_user_id_users","recipient_user_id","public","users","id"
"public","doc_control_acknowledgements","fk_doc_control_acknowledgements_tenant_id_amos","tenant_id","public","amos","id"
"public","doc_control_archive_records","fk_doc_control_archive_records_tenant_id_amos","tenant_id","public","amos","id"
"public","doc_control_audit_events","fk_doc_control_audit_events_actor_user_id_users","actor_user_id","public","users","id"
"public","doc_control_audit_events","fk_doc_control_audit_events_tenant_id_amos","tenant_id","public","amos","id"
"public","doc_control_change_proposals","fk_doc_control_change_proposals_proposer_user_id_users","proposer_user_id","public","users","id"
"public","doc_control_change_proposals","fk_doc_control_change_proposals_tenant_id_amos","tenant_id","public","amos","id"
"public","doc_control_distribution_events","fk_doc_control_distribution_events_tenant_id_amos","tenant_id","public","amos","id"
"public","doc_control_distribution_list_entries","fk_doc_control_distribution_list_entries_tenant_id_amos","tenant_id","public","amos","id"
"public","doc_control_distribution_recipients","fk_doc_control_distribution_recipients_event_id_doc_con_600c","event_id","public","doc_control_distribution_events","event_id"
"public","doc_control_distribution_recipients","fk_doc_control_distribution_recipients_recipient_user_id_users","recipient_user_id","public","users","id"
"public","doc_control_distribution_recipients","fk_doc_control_distribution_recipients_tenant_id_amos","tenant_id","public","amos","id"
"public","doc_control_documents","fk_doc_control_documents_tenant_id_amos","tenant_id","public","amos","id"
"public","doc_control_drafts","fk_doc_control_drafts_tenant_id_amos","tenant_id","public","amos","id"
"public","doc_control_leps","fk_doc_control_leps_tenant_id_amos","tenant_id","public","amos","id"
"public","doc_control_reviews","fk_doc_control_reviews_tenant_id_amos","tenant_id","public","amos","id"
"public","doc_control_revision_packages","fk_doc_control_revision_packages_tenant_id_amos","tenant_id","public","amos","id"
"public","doc_control_settings","fk_doc_control_settings_tenant_id_amos","tenant_id","public","amos","id"
"public","doc_control_temporary_revisions","fk_doc_control_temporary_revisions_tenant_id_amos","tenant_id","public","amos","id"
"public","document_sections","fk_document_sections_document_version_id_document_versions","document_version_id","public","document_versions","id"
"public","document_versions","fk_document_versions_document_id_manuals","document_id","public","manuals","id"
"public","document_versions","fk_document_versions_revision_id_manual_revisions","revision_id","public","manual_revisions","id"
"public","ehm_parsed_records","fk_ehm_parsed_records_amo_id_amos","amo_id","public","amos","id"
"public","ehm_parsed_records","fk_ehm_parsed_records_raw_log_id_ehm_raw_logs","raw_log_id","public","ehm_raw_logs","id"
"public","ehm_raw_logs","fk_ehm_raw_logs_aircraft_serial_number_aircraft","aircraft_serial_number","public","aircraft","serial_number"
"public","ehm_raw_logs","fk_ehm_raw_logs_amo_id_amos","amo_id","public","amos","id"
"public","ehm_raw_logs","fk_ehm_raw_logs_uploaded_by_user_id_users","uploaded_by_user_id","public","users","id"
"public","email_logs","fk_email_logs_amo_id_amos","amo_id","public","amos","id"
"public","engine_flight_snapshots","fk_engine_flight_snapshots_aircraft_serial_number_aircraft","aircraft_serial_number","public","aircraft","serial_number"
"public","engine_flight_snapshots","fk_engine_flight_snapshots_amo_id_amos","amo_id","public","amos","id"
"public","engine_trend_statuses","fk_engine_trend_statuses_aircraft_serial_number_aircraft","aircraft_serial_number","public","aircraft","serial_number"
"public","engine_trend_statuses","fk_engine_trend_statuses_amo_id_amos","amo_id","public","amos","id"
"public","engine_trend_statuses","fk_engine_trend_statuses_reviewed_by_user_id_users","reviewed_by_user_id","public","users","id"
"public","engine_utilization_daily","fk_engine_utilization_daily_aircraft_serial_number_aircraft","aircraft_serial_number","public","aircraft","serial_number"
"public","engine_utilization_daily","fk_engine_utilization_daily_amo_id_amos","amo_id","public","amos","id"
"public","finance_credit_notes","fk_finance_credit_notes_amo_id_amos","amo_id","public","amos","id"
"public","finance_credit_notes","fk_finance_credit_notes_customer_id_customers","customer_id","public","customers","id"
"public","finance_credit_notes","fk_finance_credit_notes_finalized_by_user_id_users","finalized_by_user_id","public","users","id"
"public","finance_credit_notes","fk_finance_credit_notes_invoice_id_finance_invoices","invoice_id","public","finance_invoices","id"
"public","finance_invoice_lines","fk_finance_invoice_lines_inventory_movement_id_inventor_8b4d","inventory_movement_id","public","inventory_movement_ledger","id"
"public","finance_invoice_lines","fk_finance_invoice_lines_invoice_id_finance_invoices","invoice_id","public","finance_invoices","id"
"public","finance_invoice_lines","fk_finance_invoice_lines_tax_code_id_tax_codes","tax_code_id","public","tax_codes","id"
"public","finance_invoice_lines","fk_finance_invoice_lines_work_order_id_work_orders","work_order_id","public","work_orders","id"
"public","finance_invoices","fk_finance_invoices_amo_id_amos","amo_id","public","amos","id"
"public","finance_invoices","fk_finance_invoices_customer_id_customers","customer_id","public","customers","id"
"public","finance_invoices","fk_finance_invoices_finalized_by_user_id_users","finalized_by_user_id","public","users","id"
"public","finance_payments","fk_finance_payments_amo_id_amos","amo_id","public","amos","id"
"public","finance_payments","fk_finance_payments_created_by_user_id_users","created_by_user_id","public","users","id"
"public","finance_payments","fk_finance_payments_customer_id_customers","customer_id","public","customers","id"
"public","fracas_actions","fk_fracas_actions_fracas_case_id_fracas_cases","fracas_case_id","public","fracas_cases","id"
"public","fracas_actions","fk_fracas_actions_owner_user_id_users","owner_user_id","public","users","id"
"public","fracas_actions","fk_fracas_actions_verified_by_user_id_users","verified_by_user_id","public","users","id"
"public","fracas_cases","fk_fracas_cases_aircraft_serial_number_aircraft","aircraft_serial_number","public","aircraft","serial_number"
"public","fracas_cases","fk_fracas_cases_amo_id_amos","amo_id","public","amos","id"
"public","fracas_cases","fk_fracas_cases_approved_by_user_id_users","approved_by_user_id","public","users","id"
"public","fracas_cases","fk_fracas_cases_component_id_aircraft_components","component_id","public","aircraft_components","id"
"public","fracas_cases","fk_fracas_cases_created_by_user_id_users","created_by_user_id","public","users","id"
"public","fracas_cases","fk_fracas_cases_reliability_event_id_reliability_events","reliability_event_id","public","reliability_events","id"
"public","fracas_cases","fk_fracas_cases_task_card_id_task_cards","task_card_id","public","task_cards","id"
"public","fracas_cases","fk_fracas_cases_updated_by_user_id_users","updated_by_user_id","public","users","id"
"public","fracas_cases","fk_fracas_cases_verified_by_user_id_users","verified_by_user_id","public","users","id"
"public","fracas_cases","fk_fracas_cases_work_order_id_work_orders","work_order_id","public","work_orders","id"
"public","gl_accounts","fk_gl_accounts_amo_id_amos","amo_id","public","amos","id"
"public","goods_receipt_lines","fk_goods_receipt_lines_goods_receipt_id_goods_receipts","goods_receipt_id","public","goods_receipts","id"
"public","goods_receipt_lines","fk_goods_receipt_lines_location_id_inventory_locations","location_id","public","inventory_locations","id"
"public","goods_receipt_lines","fk_goods_receipt_lines_part_id_inventory_parts","part_id","public","inventory_parts","id"
"public","goods_receipts","fk_goods_receipts_amo_id_amos","amo_id","public","amos","id"
"public","goods_receipts","fk_goods_receipts_purchase_order_id_purchase_orders","purchase_order_id","public","purchase_orders","id"
"public","goods_receipts","fk_goods_receipts_received_by_user_id_users","received_by_user_id","public","users","id"
"public","inspector_signoffs","fk_inspector_signoffs_amo_id_amos","amo_id","public","amos","id"
"public","inspector_signoffs","fk_inspector_signoffs_inspector_user_id_users","inspector_user_id","public","users","id"
"public","inspector_signoffs","fk_inspector_signoffs_task_card_id_task_cards","task_card_id","public","task_cards","id"
"public","inspector_signoffs","fk_inspector_signoffs_work_order_id_work_orders","work_order_id","public","work_orders","id"
"public","integration_configs","fk_integration_configs_amo_id_amos","amo_id","public","amos","id"
"public","integration_configs","fk_integration_configs_created_by_user_id_users","created_by_user_id","public","users","id"
"public","integration_configs","fk_integration_configs_updated_by_user_id_users","updated_by_user_id","public","users","id"
"public","integration_inbound_events","fk_integration_inbound_events_amo_id_amos","amo_id","public","amos","id"
"public","integration_inbound_events","fk_integration_inbound_events_created_by_user_id_users","created_by_user_id","public","users","id"
"public","integration_inbound_events","fk_integration_inbound_events_integration_id_integratio_f257","integration_id","public","integration_configs","id"
"public","integration_outbound_events","fk_integration_outbound_events_amo_id_amos","amo_id","public","amos","id"
"public","integration_outbound_events","fk_integration_outbound_events_created_by_user_id_users","created_by_user_id","public","users","id"
"public","integration_outbound_events","fk_integration_outbound_events_integration_id_integrati_be74","integration_id","public","integration_configs","id"
"public","inventory_locations","fk_inventory_locations_amo_id_amos","amo_id","public","amos","id"
"public","inventory_lots","fk_inventory_lots_amo_id_amos","amo_id","public","amos","id"
"public","inventory_lots","fk_inventory_lots_part_id_inventory_parts","part_id","public","inventory_parts","id"
"public","inventory_movement_ledger","fk_inventory_movement_ledger_amo_id_amos","amo_id","public","amos","id"
"public","inventory_movement_ledger","fk_inventory_movement_ledger_created_by_user_id_users","created_by_user_id","public","users","id"
"public","inventory_movement_ledger","fk_inventory_movement_ledger_from_location_id_inventory_dff6","from_location_id","public","inventory_locations","id"
"public","inventory_movement_ledger","fk_inventory_movement_ledger_lot_id_inventory_lots","lot_id","public","inventory_lots","id"
"public","inventory_movement_ledger","fk_inventory_movement_ledger_part_id_inventory_parts","part_id","public","inventory_parts","id"
"public","inventory_movement_ledger","fk_inventory_movement_ledger_serial_id_inventory_serials","serial_id","public","inventory_serials","id"
"public","inventory_movement_ledger","fk_inventory_movement_ledger_task_card_id_task_cards","task_card_id","public","task_cards","id"
"public","inventory_movement_ledger","fk_inventory_movement_ledger_to_location_id_inventory_locations","to_location_id","public","inventory_locations","id"
"public","inventory_movement_ledger","fk_inventory_movement_ledger_work_order_id_work_orders","work_order_id","public","work_orders","id"
"public","inventory_parts","fk_inventory_parts_amo_id_amos","amo_id","public","amos","id"
"public","inventory_serials","fk_inventory_serials_amo_id_amos","amo_id","public","amos","id"
"public","inventory_serials","fk_inventory_serials_part_id_inventory_parts","part_id","public","inventory_parts","id"
"public","journal_entries","fk_journal_entries_amo_id_amos","amo_id","public","amos","id"
"public","journal_entries","fk_journal_entries_posted_by_user_id_users","posted_by_user_id","public","users","id"
"public","journal_entries","fk_journal_entries_reversal_of_id_journal_entries","reversal_of_id","public","journal_entries","id"
"public","journal_lines","fk_journal_lines_gl_account_id_gl_accounts","gl_account_id","public","gl_accounts","id"
"public","journal_lines","fk_journal_lines_journal_entry_id_journal_entries","journal_entry_id","public","journal_entries","id"
"public","ledger_entries","fk_ledger_entries_amo_id_amos","amo_id","public","amos","id"
"public","ledger_entries","fk_ledger_entries_license_id_tenant_licenses","license_id","public","tenant_licenses","id"
"public","license_entitlements","fk_license_entitlements_license_id_tenant_licenses","license_id","public","tenant_licenses","id"
"public","maintenance_statuses_legacy","fk_maintenance_statuses_aircraft_serial_number_aircraft","aircraft_serial_number","public","aircraft","serial_number"
"public","maintenance_statuses_legacy","fk_maintenance_statuses_program_item_id_maintenance_pro_f6fe","program_item_id","public","maintenance_program_items_legacy","id"
"public","manual_audit_log","fk_manual_audit_log_actor_id_users","actor_id","public","users","id"
"public","manual_audit_log","fk_manual_audit_log_tenant_id_manual_tenants","tenant_id","public","manual_tenants","id"
"public","manual_blocks","fk_manual_blocks_section_id_manual_sections","section_id","public","manual_sections","id"
"public","manual_reader_progress","fk_manual_reader_progress_last_section_id_manual_sections","last_section_id","public","manual_sections","id"
"public","manual_reader_progress","fk_manual_reader_progress_manual_id_manuals","manual_id","public","manuals","id"
"public","manual_reader_progress","fk_manual_reader_progress_revision_id_manual_revisions","revision_id","public","manual_revisions","id"
"public","manual_reader_progress","fk_manual_reader_progress_tenant_id_manual_tenants","tenant_id","public","manual_tenants","id"
"public","manual_reader_progress","fk_manual_reader_progress_user_id_users","user_id","public","users","id"
"public","manual_revisions","fk_manual_revisions_created_by_users","created_by","public","users","id"
"public","manual_revisions","fk_manual_revisions_manual_id_manuals","manual_id","public","manuals","id"
"public","manual_sections","fk_manual_sections_parent_section_id_manual_sections","parent_section_id","public","manual_sections","id"
"public","manual_sections","fk_manual_sections_revision_id_manual_revisions","revision_id","public","manual_revisions","id"
"public","manual_tenants","fk_manual_tenants_amo_id_amos","amo_id","public","amos","id"
"public","manuals","fk_manuals_current_rev","current_published_rev_id","public","manual_revisions","id"
"public","manuals","fk_manuals_tenant_id_manual_tenants","tenant_id","public","manual_tenants","id"
"public","message_receipts","fk_message_receipts_amo_id_amos","amo_id","public","amos","id"
"public","message_receipts","fk_message_receipts_message_id_chat_messages","message_id","public","chat_messages","id"
"public","message_receipts","fk_message_receipts_user_id_users","user_id","public","users","id"
"public","module_subscriptions","fk_module_subscriptions_amo_id_amos","amo_id","public","amos","id"
"public","oil_consumption_rates","fk_oil_consumption_rates_aircraft_serial_number_aircraft","aircraft_serial_number","public","aircraft","serial_number"
"public","oil_consumption_rates","fk_oil_consumption_rates_amo_id_amos","amo_id","public","amos","id"
"public","oil_uplifts","fk_oil_uplifts_aircraft_serial_number_aircraft","aircraft_serial_number","public","aircraft","serial_number"
"public","oil_uplifts","fk_oil_uplifts_amo_id_amos","amo_id","public","amos","id"
"public","part_movement_ledger","fk_part_movement_ledger_aircraft_serial_number_aircraft","aircraft_serial_number","public","aircraft","serial_number"
"public","part_movement_ledger","fk_part_movement_ledger_amo_id_amos","amo_id","public","amos","id"
"public","part_movement_ledger","fk_part_movement_ledger_component_id_aircraft_components","component_id","public","aircraft_components","id"
"public","part_movement_ledger","fk_part_movement_ledger_component_instance_id_component_e997","component_instance_id","public","component_instances","id"
"public","part_movement_ledger","fk_part_movement_ledger_created_by_user_id_users","created_by_user_id","public","users","id"
"public","part_movement_ledger","fk_part_movement_ledger_task_card_id_task_cards","task_card_id","public","task_cards","id"
"public","part_movement_ledger","fk_part_movement_ledger_work_order_id_work_orders","work_order_id","public","work_orders","id"
"public","password_reset_tokens","fk_password_reset_tokens_user_id_users","user_id","public","users","id"
"public","payment_allocations","fk_payment_allocations_invoice_id_finance_invoices","invoice_id","public","finance_invoices","id"
"public","payment_allocations","fk_payment_allocations_payment_id_finance_payments","payment_id","public","finance_payments","id"
"public","payment_methods","fk_payment_methods_amo_id_amos","amo_id","public","amos","id"
"public","personnel_profiles","fk_personnel_profiles_amo_id_amos","amo_id","public","amos","id"
"public","personnel_profiles","fk_personnel_profiles_user_id_users","user_id","public","users","id"
"public","physical_controlled_copies","fk_physical_controlled_copies_amo_id_amos","amo_id","public","amos","id"
"public","physical_controlled_copies","fk_physical_controlled_copies_current_holder_user_id_users","current_holder_user_id","public","users","id"
"public","physical_controlled_copies","fk_physical_controlled_copies_digital_revision_id_qms_d_443a","digital_revision_id","public","qms_document_revisions","id"
"public","physical_controlled_copies","fk_physical_controlled_copies_replaced_by_copy_id_physi_b684","replaced_by_copy_id","public","physical_controlled_copies","id"
"public","platform_api_keys","fk_platform_api_keys_created_by_users","created_by","public","users","id"
"public","platform_api_keys","fk_platform_api_keys_revoked_by_users","revoked_by","public","users","id"
"public","platform_audit_log","fk_platform_audit_log_actor_user_id_users","actor_user_id","public","users","id"
"public","platform_audit_log","fk_platform_audit_log_tenant_id_amos","tenant_id","public","amos","id"
"public","platform_command_job_events","fk_platform_command_job_events_job_id_platform_command_jobs","job_id","public","platform_command_jobs","id"
"public","platform_command_jobs","fk_platform_command_jobs_actor_user_id_users","actor_user_id","public","users","id"
"public","platform_command_jobs","fk_platform_command_jobs_approved_by_user_id_users","approved_by_user_id","public","users","id"
"public","platform_command_jobs","fk_platform_command_jobs_requested_by_user_id_users","requested_by_user_id","public","users","id"
"public","platform_command_jobs","fk_platform_command_jobs_tenant_id_amos","tenant_id","public","amos","id"
"public","platform_diagnostic_runs","fk_platform_diagnostic_runs_actor_user_id_users","actor_user_id","public","users","id"
"public","platform_feature_flags","fk_platform_feature_flags_created_by_users","created_by","public","users","id"
"public","platform_feature_flags","fk_platform_feature_flags_tenant_id_amos","tenant_id","public","amos","id"
"public","platform_feature_flags","fk_platform_feature_flags_updated_by_users","updated_by","public","users","id"
"public","platform_maintenance_windows","fk_platform_maintenance_windows_created_by_users","created_by","public","users","id"
"public","platform_route_metrics_1m","fk_platform_route_metrics_1m_tenant_id_amos","tenant_id","public","amos","id"
"public","platform_security_alerts","fk_platform_security_alerts_acknowledged_by_users","acknowledged_by","public","users","id"
"public","platform_security_alerts","fk_platform_security_alerts_actor_user_id_users","actor_user_id","public","users","id"
"public","platform_security_alerts","fk_platform_security_alerts_resolved_by_users","resolved_by","public","users","id"
"public","platform_security_alerts","fk_platform_security_alerts_tenant_id_amos","tenant_id","public","amos","id"
"public","platform_support_sessions","fk_platform_support_sessions_actor_user_id_users","actor_user_id","public","users","id"
"public","platform_support_sessions","fk_platform_support_sessions_tenant_id_amos","tenant_id","public","amos","id"
"public","platform_support_tickets","fk_platform_support_tickets_tenant_id_amos","tenant_id","public","amos","id"
"public","platform_tenant_resource_snapshots","fk_platform_tenant_resource_snapshots_tenant_id_amos","tenant_id","public","amos","id"
"public","platform_webhook_configs","fk_platform_webhook_configs_created_by_users","created_by","public","users","id"
"public","platform_webhook_configs","fk_platform_webhook_configs_tenant_id_amos","tenant_id","public","amos","id"
"public","platform_webhook_delivery_logs","fk_platform_webhook_delivery_logs_webhook_id_platform_w_19f0","webhook_id","public","platform_webhook_configs","id"
"public","presence_state","fk_presence_state_amo_id_amos","amo_id","public","amos","id"
"public","presence_state","fk_presence_state_user_id_users","user_id","public","users","id"
"public","prompt_deliveries","fk_prompt_deliveries_amo_id_amos","amo_id","public","amos","id"
"public","prompt_deliveries","fk_prompt_deliveries_prompt_id_prompts","prompt_id","public","prompts","id"
"public","prompt_deliveries","fk_prompt_deliveries_user_id_users","user_id","public","users","id"
"public","prompts","fk_prompts_amo_id_amos","amo_id","public","amos","id"
"public","prompts","fk_prompts_created_by_users","created_by","public","users","id"
"public","purchase_order_lines","fk_purchase_order_lines_part_id_inventory_parts","part_id","public","inventory_parts","id"
"public","purchase_order_lines","fk_purchase_order_lines_purchase_order_id_purchase_orders","purchase_order_id","public","purchase_orders","id"
"public","purchase_orders","fk_purchase_orders_amo_id_amos","amo_id","public","amos","id"
"public","purchase_orders","fk_purchase_orders_approved_by_user_id_users","approved_by_user_id","public","users","id"
"public","purchase_orders","fk_purchase_orders_requested_by_user_id_users","requested_by_user_id","public","users","id"
"public","purchase_orders","fk_purchase_orders_vendor_id_vendors","vendor_id","public","vendors","id"
"public","qms_activity_logs","qms_activity_logs_amo_id_fkey","amo_id","public","amos","id"
"public","qms_approval_matrix","qms_approval_matrix_amo_id_fkey","amo_id","public","amos","id"
"public","qms_archive_package_items","qms_archive_package_items_amo_id_fkey","amo_id","public","amos","id"
"public","qms_archive_packages","qms_archive_packages_amo_id_fkey","amo_id","public","amos","id"
"public","qms_audit_archives","qms_audit_archives_amo_id_fkey","amo_id","public","amos","id"
"public","qms_audit_checklist_items","qms_audit_checklist_items_amo_id_fkey","amo_id","public","amos","id"
"public","qms_audit_checklists","qms_audit_checklists_amo_id_fkey","amo_id","public","amos","id"
"public","qms_audit_evidence","qms_audit_evidence_amo_id_fkey","amo_id","public","amos","id"
"public","qms_audit_findings","fk_qms_audit_findings_ack_user_id_users","acknowledged_by_user_id","public","users","id"
"public","qms_audit_findings","fk_qms_audit_findings_amo_id_amos","amo_id","public","amos","id"
"public","qms_audit_findings","fk_qms_audit_findings_audit_id_qms_audits","audit_id","public","qms_audits","id"
"public","qms_audit_findings","fk_qms_audit_findings_created_by_user_id_users","created_by_user_id","public","users","id"
"public","qms_audit_findings","fk_qms_finding_verified_by_user","verified_by_user_id","public","users","id"
"public","qms_audit_notices","qms_audit_notices_amo_id_fkey","amo_id","public","amos","id"
"public","qms_audit_post_briefs","qms_audit_post_briefs_amo_id_fkey","amo_id","public","amos","id"
"public","qms_audit_programs","qms_audit_programs_amo_id_fkey","amo_id","public","amos","id"
"public","qms_audit_reference_counters","fk_qms_audit_reference_counters_amo_id_amos","amo_id","public","amos","id"
"public","qms_audit_reports","qms_audit_reports_amo_id_fkey","amo_id","public","amos","id"
"public","qms_audit_schedules","fk_qms_audit_schedules_amo_id","amo_id","public","amos","id"
"public","qms_audit_schedules","fk_qms_audit_schedules_assistant_auditor_user_id_users","assistant_auditor_user_id","public","users","id"
"public","qms_audit_schedules","fk_qms_audit_schedules_auditee_user_id_users","auditee_user_id","public","users","id"
"public","qms_audit_schedules","fk_qms_audit_schedules_created_by_user_id_users","created_by_user_id","public","users","id"
"public","qms_audit_schedules","fk_qms_audit_schedules_deleted_by_user_id","deleted_by_user_id","public","users","id"
"public","qms_audit_schedules","fk_qms_audit_schedules_lead_auditor_user_id_users","lead_auditor_user_id","public","users","id"
"public","qms_audit_schedules","fk_qms_audit_schedules_observer_auditor_user_id_users","observer_auditor_user_id","public","users","id"
"public","qms_audit_scopes","qms_audit_scopes_amo_id_fkey","amo_id","public","amos","id"
"public","qms_audit_team_members","qms_audit_team_members_amo_id_fkey","amo_id","public","amos","id"
"public","qms_audit_war_room_files","qms_audit_war_room_files_amo_id_fkey","amo_id","public","amos","id"
"public","qms_audits","fk_qms_audits_amo_id_amos","amo_id","public","amos","id"
"public","qms_audits","fk_qms_audits_assistant_auditor_user_id_users","assistant_auditor_user_id","public","users","id"
"public","qms_audits","fk_qms_audits_auditee_user_id_users","auditee_user_id","public","users","id"
"public","qms_audits","fk_qms_audits_created_by_user_id_users","created_by_user_id","public","users","id"
"public","qms_audits","fk_qms_audits_deleted_by_user_id","deleted_by_user_id","public","users","id"
"public","qms_audits","fk_qms_audits_lead_auditor_user_id_users","lead_auditor_user_id","public","users","id"
"public","qms_audits","fk_qms_audits_observer_auditor_user_id_users","observer_auditor_user_id","public","users","id"
"public","qms_authority_correspondence","qms_authority_correspondence_amo_id_fkey","amo_id","public","amos","id"
"public","qms_calendar_settings","fk_qms_calendar_settings_amo_id_amos","amo_id","public","amos","id"
"public","qms_calibration_certificates","qms_calibration_certificates_amo_id_fkey","amo_id","public","amos","id"
"public","qms_calibration_records","qms_calibration_records_amo_id_fkey","amo_id","public","amos","id"
"public","qms_car_action_items","qms_car_action_items_amo_id_fkey","amo_id","public","amos","id"
"public","qms_car_closure_records","qms_car_closure_records_amo_id_fkey","amo_id","public","amos","id"
"public","qms_car_containment_actions","qms_car_containment_actions_amo_id_fkey","amo_id","public","amos","id"
"public","qms_car_corrective_action_plans","qms_car_corrective_action_plans_amo_id_fkey","amo_id","public","amos","id"
"public","qms_car_effectiveness_reviews","qms_car_effectiveness_reviews_amo_id_fkey","amo_id","public","amos","id"
"public","qms_car_evidence","qms_car_evidence_amo_id_fkey","amo_id","public","amos","id"
"public","qms_car_rejections","qms_car_rejections_amo_id_fkey","amo_id","public","amos","id"
"public","qms_car_reviews","qms_car_reviews_amo_id_fkey","amo_id","public","amos","id"
"public","qms_car_root_causes","qms_car_root_causes_amo_id_fkey","amo_id","public","amos","id"
"public","qms_change_controls","qms_change_controls_amo_id_fkey","amo_id","public","amos","id"
"public","qms_competence_gaps","qms_competence_gaps_amo_id_fkey","amo_id","public","amos","id"
"public","qms_competence_matrix","qms_competence_matrix_amo_id_fkey","amo_id","public","amos","id"
"public","qms_context_items","qms_context_items_amo_id_fkey","amo_id","public","amos","id"
"public","qms_corrective_actions_legacy","fk_qms_cap_verified_by_user","verified_by_user_id","public","users","id"
"public","qms_corrective_actions_legacy","fk_qms_corrective_actions_created_by_user_id_users","created_by_user_id","public","users","id"
"public","qms_corrective_actions_legacy","fk_qms_corrective_actions_finding_id_qms_audit_findings","finding_id","public","qms_audit_findings","id"
"public","qms_corrective_actions_legacy","fk_qms_corrective_actions_responsible_user_id_users","responsible_user_id","public","users","id"
"public","qms_corrective_actions_legacy","fk_qms_corrective_actions_updated_by_user_id_users","updated_by_user_id","public","users","id"
"public","qms_customer_complaints","qms_customer_complaints_amo_id_fkey","amo_id","public","amos","id"
"public","qms_customer_feedback","qms_customer_feedback_amo_id_fkey","amo_id","public","amos","id"
"public","qms_dashboard_widgets","qms_dashboard_widgets_amo_id_fkey","amo_id","public","amos","id"
"public","qms_document_acknowledgements","qms_document_acknowledgements_amo_id_fkey","amo_id","public","amos","id"
"public","qms_document_approval_letters","qms_document_approval_letters_amo_id_fkey","amo_id","public","amos","id"
"public","qms_document_approvals","qms_document_approvals_amo_id_fkey","amo_id","public","amos","id"
"public","qms_document_change_requests","qms_document_change_requests_amo_id_fkey","amo_id","public","amos","id"
"public","qms_document_distribution","qms_document_distribution_amo_id_fkey","amo_id","public","amos","id"
"public","qms_document_distributions","fk_qms_document_distributions_acked_by_user_id_users","acked_by_user_id","public","users","id"
"public","qms_document_distributions","fk_qms_document_distributions_amo_id_amos","amo_id","public","amos","id"
"public","qms_document_distributions","fk_qms_document_distributions_document_id_qms_documents","document_id","public","qms_documents","id"
"public","qms_document_distributions","fk_qms_document_distributions_holder_user_id_users","holder_user_id","public","users","id"
"public","qms_document_distributions","fk_qms_document_distributions_revision_id_qms_document__8f10","revision_id","public","qms_document_revisions","id"
"public","qms_document_obsolete_records","qms_document_obsolete_records_amo_id_fkey","amo_id","public","amos","id"
"public","qms_document_revisions","fk_qms_docrev_approved_by_user","approved_by_user_id","public","users","id"
"public","qms_document_revisions","fk_qms_document_revisions_amo_id_amos","amo_id","public","amos","id"
"public","qms_document_revisions","fk_qms_document_revisions_created_by_user_id_users","created_by_user_id","public","users","id"
"public","qms_document_revisions","fk_qms_document_revisions_document_id_qms_documents","document_id","public","qms_documents","id"
"public","qms_document_sections","qms_document_sections_amo_id_fkey","amo_id","public","amos","id"
"public","qms_document_templates","qms_document_templates_amo_id_fkey","amo_id","public","amos","id"
"public","qms_document_versions","qms_document_versions_amo_id_fkey","amo_id","public","amos","id"
"public","qms_documents","fk_qms_documents_amo_id_amos","amo_id","public","amos","id"
"public","qms_documents","fk_qms_documents_created_by_user_id_users","created_by_user_id","public","users","id"
"public","qms_documents","fk_qms_documents_updated_by_user_id_users","updated_by_user_id","public","users","id"
"public","qms_equipment","qms_equipment_amo_id_fkey","amo_id","public","amos","id"
"public","qms_equipment_status_history","qms_equipment_status_history_amo_id_fkey","amo_id","public","amos","id"
"public","qms_evidence_files","qms_evidence_files_amo_id_fkey","amo_id","public","amos","id"
"public","qms_external_audits","qms_external_audits_amo_id_fkey","amo_id","public","amos","id"
"public","qms_external_commitments","qms_external_commitments_amo_id_fkey","amo_id","public","amos","id"
"public","qms_external_items","qms_external_items_amo_id_fkey","amo_id","public","amos","id"
"public","qms_external_responses","qms_external_responses_amo_id_fkey","amo_id","public","amos","id"
"public","qms_file_access_logs","qms_file_access_logs_amo_id_fkey","amo_id","public","amos","id"
"public","qms_file_hashes","qms_file_hashes_amo_id_fkey","amo_id","public","amos","id"
"public","qms_finding_classifications","qms_finding_classifications_amo_id_fkey","amo_id","public","amos","id"
"public","qms_finding_evidence","qms_finding_evidence_amo_id_fkey","amo_id","public","amos","id"
"public","qms_finding_links","qms_finding_links_amo_id_fkey","amo_id","public","amos","id"
"public","qms_finding_sources","qms_finding_sources_amo_id_fkey","amo_id","public","amos","id"
"public","qms_findings","qms_findings_amo_id_fkey","amo_id","public","amos","id"
"public","qms_form_definitions","qms_form_definitions_amo_id_fkey","amo_id","public","amos","id"
"public","qms_interested_parties","qms_interested_parties_amo_id_fkey","amo_id","public","amos","id"
"public","qms_management_review_actions","qms_management_review_actions_amo_id_fkey","amo_id","public","amos","id"
"public","qms_management_review_approvals","qms_management_review_approvals_amo_id_fkey","amo_id","public","amos","id"
"public","qms_management_review_decisions","qms_management_review_decisions_amo_id_fkey","amo_id","public","amos","id"
"public","qms_management_review_inputs","qms_management_review_inputs_amo_id_fkey","amo_id","public","amos","id"
"public","qms_management_review_minutes","qms_management_review_minutes_amo_id_fkey","amo_id","public","amos","id"
"public","qms_management_reviews","qms_management_reviews_amo_id_fkey","amo_id","public","amos","id"
"public","qms_manual_change_requests","fk_qms_manual_change_requests_created_by_user_id_users","created_by_user_id","public","users","id"
"public","qms_metric_definitions","qms_metric_definitions_amo_id_fkey","amo_id","public","amos","id"
"public","qms_notification_rules","qms_notification_rules_amo_id_fkey","amo_id","public","amos","id"
"public","qms_notifications","fk_qms_notifications_amo_id_amos","amo_id","public","amos","id"
"public","qms_notifications","fk_qms_notifications_created_by_user_id_users","created_by_user_id","public","users","id"
"public","qms_notifications","fk_qms_notifications_user_id_users","user_id","public","users","id"
"public","qms_numbering_rules","qms_numbering_rules_amo_id_fkey","amo_id","public","amos","id"
"public","qms_opportunities","qms_opportunities_amo_id_fkey","amo_id","public","amos","id"
"public","qms_out_of_tolerance_events","qms_out_of_tolerance_events_amo_id_fkey","amo_id","public","amos","id"
"public","qms_process_owners","qms_process_owners_amo_id_fkey","amo_id","public","amos","id"
"public","qms_processes","qms_processes_amo_id_fkey","amo_id","public","amos","id"
"public","qms_public_holidays","fk_qms_public_holidays_amo_id_amos","amo_id","public","amos","id"
"public","qms_quality_objectives","qms_quality_objectives_amo_id_fkey","amo_id","public","amos","id"
"public","qms_quality_policy","qms_quality_policy_amo_id_fkey","amo_id","public","amos","id"
"public","qms_regulator_findings","qms_regulator_findings_amo_id_fkey","amo_id","public","amos","id"
"public","qms_report_definitions","qms_report_definitions_amo_id_fkey","amo_id","public","amos","id"
"public","qms_report_exports","qms_report_exports_amo_id_fkey","amo_id","public","amos","id"
"public","qms_retention_rules","qms_retention_rules_amo_id_fkey","amo_id","public","amos","id"
"public","qms_risk_actions","qms_risk_actions_amo_id_fkey","amo_id","public","amos","id"
"public","qms_risk_controls","qms_risk_controls_amo_id_fkey","amo_id","public","amos","id"
"public","qms_risks","qms_risks_amo_id_fkey","amo_id","public","amos","id"
"public","qms_settings","qms_settings_amo_id_fkey","amo_id","public","amos","id"
"public","qms_supplier_approvals","qms_supplier_approvals_amo_id_fkey","amo_id","public","amos","id"
"public","qms_supplier_audits","qms_supplier_audits_amo_id_fkey","amo_id","public","amos","id"
"public","qms_supplier_documents","qms_supplier_documents_amo_id_fkey","amo_id","public","amos","id"
"public","qms_supplier_evaluations","qms_supplier_evaluations_amo_id_fkey","amo_id","public","amos","id"
"public","qms_supplier_findings","qms_supplier_findings_amo_id_fkey","amo_id","public","amos","id"
"public","qms_supplier_performance_scores","qms_supplier_performance_scores_amo_id_fkey","amo_id","public","amos","id"
"public","qms_supplier_scopes","qms_supplier_scopes_amo_id_fkey","amo_id","public","amos","id"
"public","qms_suppliers","qms_suppliers_amo_id_fkey","amo_id","public","amos","id"
"public","qms_task_assignments","qms_task_assignments_amo_id_fkey","amo_id","public","amos","id"
"public","qms_task_comments","qms_task_comments_amo_id_fkey","amo_id","public","amos","id"
"public","qms_tasks","qms_tasks_amo_id_fkey","amo_id","public","amos","id"
"public","qms_templates","qms_templates_amo_id_fkey","amo_id","public","amos","id"
"public","qms_training_courses","qms_training_courses_amo_id_fkey","amo_id","public","amos","id"
"public","qms_training_evaluations","qms_training_evaluations_amo_id_fkey","amo_id","public","amos","id"
"public","qms_training_records","qms_training_records_amo_id_fkey","amo_id","public","amos","id"
"public","qms_training_requirements","qms_training_requirements_amo_id_fkey","amo_id","public","amos","id"
"public","qms_workflow_rules","qms_workflow_rules_amo_id_fkey","amo_id","public","amos","id"
"public","quality_archive_packages","fk_quality_archive_packages_amo_id_amos","amo_id","public","amos","id"
"public","quality_archive_packages","fk_quality_archive_packages_audit_id_qms_audits","audit_id","public","qms_audits","id"
"public","quality_archive_packages","fk_quality_archive_packages_generated_by_user_id_users","generated_by_user_id","public","users","id"
"public","quality_audit_checklist_items","fk_quality_audit_checklist_items_amo_id_amos","amo_id","public","amos","id"
"public","quality_audit_checklist_items","fk_quality_audit_checklist_items_assigned_to_user_id_users","assigned_to_user_id","public","users","id"
"public","quality_audit_checklist_items","fk_quality_audit_checklist_items_audit_id_qms_audits","audit_id","public","qms_audits","id"
"public","quality_audit_checklist_items","fk_quality_audit_checklist_items_completed_by_user_id_users","completed_by_user_id","public","users","id"
"public","quality_audit_checklist_items","fk_quality_audit_checklist_items_created_by_user_id_users","created_by_user_id","public","users","id"
"public","quality_audit_checklist_items","fk_quality_audit_checklist_items_finding_id_qms_audit_findings","finding_id","public","qms_audit_findings","id"
"public","quality_audit_document_requests","fk_quality_audit_document_requests_amo_id_amos","amo_id","public","amos","id"
"public","quality_audit_document_requests","fk_quality_audit_document_requests_audit_id_qms_audits","audit_id","public","qms_audits","id"
"public","quality_audit_document_requests","fk_quality_audit_document_requests_requested_by_user_id_users","requested_by_user_id","public","users","id"
"public","quality_audit_document_requests","fk_quality_audit_document_requests_reviewed_by_user_id_users","reviewed_by_user_id","public","users","id"
"public","quality_audit_document_requests","fk_quality_audit_document_requests_uploaded_by_user_id_users","uploaded_by_user_id","public","users","id"
"public","quality_audit_post_briefs","fk_quality_audit_post_briefs_amo_id_amos","amo_id","public","amos","id"
"public","quality_audit_post_briefs","fk_quality_audit_post_briefs_audit_id_qms_audits","audit_id","public","qms_audits","id"
"public","quality_audit_post_briefs","fk_quality_audit_post_briefs_created_by_user_id_users","created_by_user_id","public","users","id"
"public","quality_audit_report_trackers","fk_quality_audit_report_trackers_amo_id_amos","amo_id","public","amos","id"
"public","quality_audit_report_trackers","fk_quality_audit_report_trackers_audit_id_qms_audits","audit_id","public","qms_audits","id"
"public","quality_audit_report_trackers","fk_quality_audit_report_trackers_created_by_user_id_users","created_by_user_id","public","users","id"
"public","quality_car_actions","fk_quality_car_actions_actor_user_id_users","actor_user_id","public","users","id"
"public","quality_car_actions","fk_quality_car_actions_car_id_quality_cars","car_id","public","quality_cars","id"
"public","quality_car_extension_requests","fk_quality_car_extension_requests_amo_id_amos","amo_id","public","amos","id"
"public","quality_car_extension_requests","fk_quality_car_extension_requests_car_id_quality_cars","car_id","public","quality_cars","id"
"public","quality_car_extension_requests","fk_quality_car_extension_requests_requested_by_user_id_users","requested_by_user_id","public","users","id"
"public","quality_car_extension_requests","fk_quality_car_extension_requests_reviewed_by_user_id_users","reviewed_by_user_id","public","users","id"
"public","quality_car_responses","fk_quality_car_responses_car_id_quality_cars","car_id","public","quality_cars","id"
"public","quality_cars","fk_quality_cars_amo_id_amos","amo_id","public","amos","id"
"public","quality_cars","fk_quality_cars_assigned_to_user_id_users","assigned_to_user_id","public","users","id"
"public","quality_cars","fk_quality_cars_finding_id_qms_audit_findings","finding_id","public","qms_audit_findings","id"
"public","quality_cars","fk_quality_cars_requested_by_user_id_users","requested_by_user_id","public","users","id"
"public","quality_reminder_milestones","fk_quality_reminder_milestones_amo_id_amos","amo_id","public","amos","id"
"public","quality_reminder_milestones","fk_quality_reminder_milestones_recipient_user_id_users","recipient_user_id","public","users","id"
"public","quality_tenant_workflow_settings","fk_quality_tenant_workflow_settings_amo_id_amos","amo_id","public","amos","id"
"public","quality_tenant_workflow_settings","fk_quality_tenant_workflow_settings_created_by_user_id_users","created_by_user_id","public","users","id"
"public","quality_tenant_workflow_settings","fk_quality_tenant_workflow_settings_updated_by_user_id_users","updated_by_user_id","public","users","id"
"public","realtime_connect_tokens","fk_realtime_connect_tokens_amo_id_amos","amo_id","public","amos","id"
"public","realtime_connect_tokens","fk_realtime_connect_tokens_user_id_users","user_id","public","users","id"
"public","realtime_outbox","fk_realtime_outbox_amo_id_amos","amo_id","public","amos","id"
"public","reliability_alert_rules","fk_reliability_alert_rules_threshold_set_id_reliability_8339","threshold_set_id","public","reliability_threshold_sets","id"
"public","reliability_alerts","fk_reliability_alerts_acknowledged_by_user_id_users","acknowledged_by_user_id","public","users","id"
"public","reliability_alerts","fk_reliability_alerts_amo_id_amos","amo_id","public","amos","id"
"public","reliability_alerts","fk_reliability_alerts_created_by_user_id_users","created_by_user_id","public","users","id"
"public","reliability_alerts","fk_reliability_alerts_kpi_id_reliability_kpis","kpi_id","public","reliability_kpis","id"
"public","reliability_alerts","fk_reliability_alerts_resolved_by_user_id_users","resolved_by_user_id","public","users","id"
"public","reliability_alerts","fk_reliability_alerts_threshold_set_id_reliability_thre_2d9d","threshold_set_id","public","reliability_threshold_sets","id"
"public","reliability_control_chart_configs","fk_reliability_control_chart_configs_amo_id_amos","amo_id","public","amos","id"
"public","reliability_events","fk_reliability_events_aircraft_serial_number_aircraft","aircraft_serial_number","public","aircraft","serial_number"
"public","reliability_events","fk_reliability_events_amo_id_amos","amo_id","public","amos","id"
"public","reliability_events","fk_reliability_events_component_id_aircraft_components","component_id","public","aircraft_components","id"
"public","reliability_events","fk_reliability_events_created_by_user_id_users","created_by_user_id","public","users","id"
"public","reliability_events","fk_reliability_events_task_card_id_task_cards","task_card_id","public","task_cards","id"
"public","reliability_events","fk_reliability_events_work_order_id_work_orders","work_order_id","public","work_orders","id"
"public","reliability_kpis","fk_reliability_kpis_aircraft_serial_number_aircraft","aircraft_serial_number","public","aircraft","serial_number"
"public","reliability_kpis","fk_reliability_kpis_amo_id_amos","amo_id","public","amos","id"
"public","reliability_kpis","fk_reliability_kpis_component_id_aircraft_components","component_id","public","aircraft_components","id"
"public","reliability_notification_rules","fk_reliability_notification_rules_amo_id_amos","amo_id","public","amos","id"
"public","reliability_notification_rules","fk_reliability_notification_rules_created_by_user_id_users","created_by_user_id","public","users","id"
"public","reliability_notification_rules","fk_reliability_notification_rules_department_id_departments","department_id","public","departments","id"
"public","reliability_notifications","fk_reliability_notifications_alert_id_reliability_alerts","alert_id","public","reliability_alerts","id"
"public","reliability_notifications","fk_reliability_notifications_amo_id_amos","amo_id","public","amos","id"
"public","reliability_notifications","fk_reliability_notifications_created_by_user_id_users","created_by_user_id","public","users","id"
"public","reliability_notifications","fk_reliability_notifications_department_id_departments","department_id","public","departments","id"
"public","reliability_notifications","fk_reliability_notifications_user_id_users","user_id","public","users","id"
"public","reliability_reports","fk_reliability_reports_amo_id_amos","amo_id","public","amos","id"
"public","reliability_reports","fk_reliability_reports_created_by_user_id_users","created_by_user_id","public","users","id"
"public","reliability_threshold_sets","fk_reliability_threshold_sets_amo_id_amos","amo_id","public","amos","id"
"public","removal_events","fk_removal_events_aircraft_serial_number_aircraft","aircraft_serial_number","public","aircraft","serial_number"
"public","removal_events","fk_removal_events_amo_id_amos","amo_id","public","amos","id"
"public","removal_events","fk_removal_events_component_id_aircraft_components","component_id","public","aircraft_components","id"
"public","removal_events","fk_removal_events_component_instance_id_component_instances","component_instance_id","public","component_instances","id"
"public","removal_events","fk_removal_events_created_by_user_id_users","created_by_user_id","public","users","id"
"public","removal_events","fk_removal_events_part_movement_id_part_movement_ledger","part_movement_id","public","part_movement_ledger","id"
"public","revision_diff_index","fk_revision_diff_index_baseline_revision_id_manual_revisions","baseline_revision_id","public","manual_revisions","id"
"public","revision_diff_index","fk_revision_diff_index_revision_id_manual_revisions","revision_id","public","manual_revisions","id"
"public","roster_assignments","fk_roster_assignments_amo_id_amos","amo_id","public","amos","id"
"public","roster_assignments","fk_roster_assignments_base_station_id_base_stations","base_station_id","public","base_stations","id"
"public","roster_assignments","fk_roster_assignments_created_by_user_id_users","created_by_user_id","public","users","id"
"public","roster_assignments","fk_roster_assignments_shift_template_id_shift_templates","shift_template_id","public","shift_templates","id"
"public","roster_assignments","fk_roster_assignments_updated_by_user_id_users","updated_by_user_id","public","users","id"
"public","roster_assignments","fk_roster_assignments_user_id_users","user_id","public","users","id"
"public","roster_assignments","fk_roster_assignments_version_id_roster_versions","version_id","public","roster_versions","id"
"public","roster_periods","fk_roster_periods_amo_id_amos","amo_id","public","amos","id"
"public","roster_periods","fk_roster_periods_created_by_user_id_users","created_by_user_id","public","users","id"
"public","roster_publication_acknowledgements","fk_roster_publication_acknowledgements_amo_id_amos","amo_id","public","amos","id"
"public","roster_publication_acknowledgements","fk_roster_publication_acknowledgements_user_id_users","user_id","public","users","id"
"public","roster_publication_acknowledgements","fk_roster_publication_acknowledgements_version_id_roste_fd04","version_id","public","roster_versions","id"
"public","roster_task_assignment_links","fk_roster_task_assignment_links_amo_id_amos","amo_id","public","amos","id"
"public","roster_task_assignment_links","fk_roster_task_assignment_links_created_by_user_id_users","created_by_user_id","public","users","id"
"public","roster_task_assignment_links","fk_roster_task_assignment_links_roster_assignment_id_ro_e346","roster_assignment_id","public","roster_assignments","id"
"public","roster_task_assignment_links","fk_roster_task_assignment_links_task_assignment_id_task_8935","task_assignment_id","public","task_assignments","id"
"public","roster_validation_findings","fk_roster_validation_findings_amo_id_amos","amo_id","public","amos","id"
"public","roster_validation_findings","fk_roster_validation_findings_assignment_id_roster_assignments","assignment_id","public","roster_assignments","id"
"public","roster_validation_findings","fk_roster_validation_findings_user_id_users","user_id","public","users","id"
"public","roster_validation_findings","fk_roster_validation_findings_version_id_roster_versions","version_id","public","roster_versions","id"
"public","roster_versions","fk_roster_versions_amo_id_amos","amo_id","public","amos","id"
"public","roster_versions","fk_roster_versions_approved_by_user_id_users","approved_by_user_id","public","users","id"
"public","roster_versions","fk_roster_versions_created_by_user_id_users","created_by_user_id","public","users","id"
"public","roster_versions","fk_roster_versions_period_id_roster_periods","period_id","public","roster_periods","id"
"public","roster_versions","fk_roster_versions_published_by_user_id_users","published_by_user_id","public","users","id"
"public","roster_versions","fk_roster_versions_submitted_by_user_id_users","submitted_by_user_id","public","users","id"
"public","shift_templates","fk_shift_templates_amo_id_amos","amo_id","public","amos","id"
"public","shift_templates","fk_shift_templates_created_by_user_id_users","created_by_user_id","public","users","id"
"public","shift_templates","fk_shift_templates_updated_by_user_id_users","updated_by_user_id","public","users","id"
"public","shop_visits","fk_shop_visits_amo_id_amos","amo_id","public","amos","id"
"public","shop_visits","fk_shop_visits_component_instance_id_component_instances","component_instance_id","public","component_instances","id"
"public","shop_visits","fk_shop_visits_work_order_id_work_orders","work_order_id","public","work_orders","id"
"public","task_assignments","fk_task_assignments_amo_id_amos","amo_id","public","amos","id"
"public","task_assignments","fk_task_assignments_task_id_task_cards","task_id","public","task_cards","id"
"public","task_assignments","fk_task_assignments_user_id_users","user_id","public","users","id"
"public","task_cards","fk_task_cards_aircraft_component_id_aircraft_components","aircraft_component_id","public","aircraft_components","id"
"public","task_cards","fk_task_cards_aircraft_serial_number_aircraft","aircraft_serial_number","public","aircraft","serial_number"
"public","task_cards","fk_task_cards_amo_id_amos","amo_id","public","amos","id"
"public","task_cards","fk_task_cards_created_by_user_id_users","created_by_user_id","public","users","id"
"public","task_cards","fk_task_cards_parent_task_id_task_cards","parent_task_id","public","task_cards","id"
"public","task_cards","fk_task_cards_program_item_id_amp_program_items","program_item_id","public","amp_program_items","id"
"public","task_cards","fk_task_cards_updated_by_user_id_users","updated_by_user_id","public","users","id"
"public","task_cards","fk_task_cards_work_order_id_work_orders","work_order_id","public","work_orders","id"
"public","task_step_executions","fk_task_step_executions_amo_id_amos","amo_id","public","amos","id"
"public","task_step_executions","fk_task_step_executions_performed_by_user_id_users","performed_by_user_id","public","users","id"
"public","task_step_executions","fk_task_step_executions_task_id_task_cards","task_id","public","task_cards","id"
"public","task_step_executions","fk_task_step_executions_task_step_id_task_steps","task_step_id","public","task_steps","id"
"public","task_steps","fk_task_steps_amo_id_amos","amo_id","public","amos","id"
"public","task_steps","fk_task_steps_task_id_task_cards","task_id","public","task_cards","id"
"public","tasks","fk_tasks_amo_id_amos","amo_id","public","amos","id"
"public","tasks","fk_tasks_owner_user_id_users","owner_user_id","public","users","id"
"public","tasks","fk_tasks_supervisor_user_id_users","supervisor_user_id","public","users","id"
"public","technical_aircraft_utilisation_legacy","fk_technical_aircraft_utilisation_amo_id_amos","amo_id","public","amos","id"
"public","technical_aircraft_utilisation_legacy","fk_technical_aircraft_utilisation_created_by_user_id_users","created_by_user_id","public","users","id"
"public","technical_aircraft_utilisation_legacy","fk_technical_aircraft_utilisation_tail_id_aircraft","tail_id","public","aircraft","serial_number"
"public","technical_airworthiness_compliance_events","fk_technical_airworthiness_compliance_events_amo_id_amos","amo_id","public","amos","id"
"public","technical_airworthiness_compliance_events","fk_technical_airworthiness_compliance_events_component__2a9c","component_id","public","aircraft_components","id"
"public","technical_airworthiness_compliance_events","fk_technical_airworthiness_compliance_events_item_id_te_e5e5","item_id","public","technical_airworthiness_items","id"
"public","technical_airworthiness_compliance_events","fk_technical_airworthiness_compliance_events_linked_wo__3e3a","linked_wo_id","public","work_orders","id"
"public","technical_airworthiness_compliance_events","fk_technical_airworthiness_compliance_events_tail_id_aircraft","tail_id","public","aircraft","serial_number"
"public","technical_airworthiness_items","fk_technical_airworthiness_items_amo_id_amos","amo_id","public","amos","id"
"public","technical_airworthiness_publication_matches","fk_technical_airworthiness_publication_matches_amo_id_amos","amo_id","public","amos","id"
"public","technical_airworthiness_publication_matches","fk_technical_airworthiness_publication_matches_assigned_1f2c","assigned_reviewer_user_id","public","users","id"
"public","technical_airworthiness_publication_matches","fk_technical_airworthiness_publication_matches_publicat_2cb6","publication_id","public","technical_airworthiness_publications","id"
"public","technical_airworthiness_publication_matches","fk_technical_airworthiness_publication_matches_watchlis_a15b","watchlist_id","public","technical_airworthiness_watchlists","id"
"public","technical_airworthiness_publications","fk_technical_airworthiness_publications_amo_id_amos","amo_id","public","amos","id"
"public","technical_airworthiness_watchlists","fk_technical_airworthiness_watchlists_amo_id_amos","amo_id","public","amos","id"
"public","technical_airworthiness_watchlists","fk_technical_airworthiness_watchlists_created_by_user_id_users","created_by_user_id","public","users","id"
"public","technical_compliance_action_history","fk_technical_compliance_action_history_actor_user_id_users","actor_user_id","public","users","id"
"public","technical_compliance_action_history","fk_technical_compliance_action_history_amo_id_amos","amo_id","public","amos","id"
"public","technical_compliance_action_history","fk_technical_compliance_action_history_compliance_actio_33fa","compliance_action_id","public","technical_compliance_actions","id"
"public","technical_compliance_actions","fk_technical_compliance_actions_amo_id_amos","amo_id","public","amos","id"
"public","technical_compliance_actions","fk_technical_compliance_actions_created_by_user_id_users","created_by_user_id","public","users","id"
"public","technical_compliance_actions","fk_technical_compliance_actions_owner_user_id_users","owner_user_id","public","users","id"
"public","technical_compliance_actions","fk_technical_compliance_actions_publication_match_id_te_4fff","publication_match_id","public","technical_airworthiness_publication_matches","id"
"public","technical_deferrals","fk_technical_deferrals_amo_id_amos","amo_id","public","amos","id"
"public","technical_deferrals","fk_technical_deferrals_linked_crs_id_crs","linked_crs_id","public","crs","id"
"public","technical_deferrals","fk_technical_deferrals_linked_wo_id_work_orders","linked_wo_id","public","work_orders","id"
"public","technical_deferrals","fk_technical_deferrals_tail_id_aircraft","tail_id","public","aircraft","serial_number"
"public","technical_exception_queue","fk_technical_exception_queue_amo_id_amos","amo_id","public","amos","id"
"public","technical_exception_queue","fk_technical_exception_queue_created_by_user_id_users","created_by_user_id","public","users","id"
"public","technical_exception_queue","fk_technical_exception_queue_resolved_by_user_id_users","resolved_by_user_id","public","users","id"
"public","technical_logbook_entries","fk_technical_logbook_entries_amo_id_amos","amo_id","public","amos","id"
"public","technical_logbook_entries","fk_technical_logbook_entries_created_by_user_id_users","created_by_user_id","public","users","id"
"public","technical_logbook_entries","fk_technical_logbook_entries_linked_crs_id_crs","linked_crs_id","public","crs","id"
"public","technical_logbook_entries","fk_technical_logbook_entries_linked_wo_id_work_orders","linked_wo_id","public","work_orders","id"
"public","technical_logbook_entries","fk_technical_logbook_entries_tail_id_aircraft","tail_id","public","aircraft","serial_number"
"public","technical_maintenance_records","fk_technical_maintenance_records_amo_id_amos","amo_id","public","amos","id"
"public","technical_maintenance_records","fk_technical_maintenance_records_certifying_user_id_users","certifying_user_id","public","users","id"
"public","technical_maintenance_records","fk_technical_maintenance_records_linked_wo_id_work_orders","linked_wo_id","public","work_orders","id"
"public","technical_maintenance_records","fk_technical_maintenance_records_tail_id_aircraft","tail_id","public","aircraft","serial_number"
"public","technical_production_execution_evidence","fk_technical_production_execution_evidence_amo_id_amos","amo_id","public","amos","id"
"public","technical_production_execution_evidence","fk_technical_production_execution_evidence_created_by_u_a708","created_by_user_id","public","users","id"
"public","technical_production_execution_evidence","fk_technical_production_execution_evidence_task_card_id_1b10","task_card_id","public","task_cards","id"
"public","technical_production_execution_evidence","fk_technical_production_execution_evidence_work_order_i_bc87","work_order_id","public","work_orders","id"
"public","technical_production_release_gates","fk_technical_production_release_gates_amo_id_amos","amo_id","public","amos","id"
"public","technical_production_release_gates","fk_technical_production_release_gates_signed_off_by_use_444c","signed_off_by_user_id","public","users","id"
"public","technical_production_release_gates","fk_technical_production_release_gates_work_order_id_work_orders","work_order_id","public","work_orders","id"
"public","technical_record_settings","fk_technical_record_settings_amo_id_amos","amo_id","public","amos","id"
"public","tenant_licenses","fk_tenant_licenses_amo_id_amos","amo_id","public","amos","id"
"public","tenant_licenses","fk_tenant_licenses_sku_id_catalog_skus","sku_id","public","catalog_skus","id"
"public","training_audit_logs","fk_training_audit_logs_actor_user_id_users","actor_user_id","public","users","id"
"public","training_audit_logs","fk_training_audit_logs_amo_id_amos","amo_id","public","amos","id"
"public","training_certificate_issues","fk_training_certificate_issues_amo_id_amos","amo_id","public","amos","id"
"public","training_certificate_issues","fk_training_certificate_issues_issued_by_user_id_users","issued_by_user_id","public","users","id"
"public","training_certificate_issues","fk_training_certificate_issues_record_id_training_records","record_id","public","training_records","id"
"public","training_certificate_status_history","fk_training_certificate_status_history_actor_user_id_users","actor_user_id","public","users","id"
"public","training_certificate_status_history","fk_training_certificate_status_history_amo_id_amos","amo_id","public","amos","id"
"public","training_certificate_status_history","fk_training_certificate_status_history_certificate_issu_8890","certificate_issue_id","public","training_certificate_issues","id"
"public","training_courses","fk_training_courses_amo_id_amos","amo_id","public","amos","id"
"public","training_courses","fk_training_courses_created_by_user_id_users","created_by_user_id","public","users","id"
"public","training_courses","fk_training_courses_updated_by_user_id_users","updated_by_user_id","public","users","id"
"public","training_deferral_requests","fk_training_deferral_requests_amo_id_amos","amo_id","public","amos","id"
"public","training_deferral_requests","fk_training_deferral_requests_course_id_training_courses","course_id","public","training_courses","id"
"public","training_deferral_requests","fk_training_deferral_requests_decided_by_user_id_users","decided_by_user_id","public","users","id"
"public","training_deferral_requests","fk_training_deferral_requests_requested_by_user_id_users","requested_by_user_id","public","users","id"
"public","training_deferral_requests","fk_training_deferral_requests_user_id_users","user_id","public","users","id"
"public","training_event_participants","fk_training_event_participants_amo_id_amos","amo_id","public","amos","id"
"public","training_event_participants","fk_training_event_participants_attendance_marked_by_use_67f8","attendance_marked_by_user_id","public","users","id"
"public","training_event_participants","fk_training_event_participants_deferral_request_id_trai_3049","deferral_request_id","public","training_deferral_requests","id"
"public","training_event_participants","fk_training_event_participants_event_id_training_events","event_id","public","training_events","id"
"public","training_event_participants","fk_training_event_participants_user_id_users","user_id","public","users","id"
"public","training_events","fk_training_events_amo_id_amos","amo_id","public","amos","id"
"public","training_events","fk_training_events_course_id_training_courses","course_id","public","training_courses","id"
"public","training_events","fk_training_events_created_by_user_id_users","created_by_user_id","public","users","id"
"public","training_files","fk_training_files_amo_id_amos","amo_id","public","amos","id"
"public","training_files","fk_training_files_course_id_training_courses","course_id","public","training_courses","id"
"public","training_files","fk_training_files_deferral_request_id_training_deferral_63fb","deferral_request_id","public","training_deferral_requests","id"
"public","training_files","fk_training_files_event_id_training_events","event_id","public","training_events","id"
"public","training_files","fk_training_files_owner_user_id_users","owner_user_id","public","users","id"
"public","training_files","fk_training_files_record_id_training_records","record_id","public","training_records","id"
"public","training_files","fk_training_files_reviewed_by_user_id_users","reviewed_by_user_id","public","users","id"
"public","training_files","fk_training_files_uploaded_by_user_id_users","uploaded_by_user_id","public","users","id"
"public","training_notifications","fk_training_notifications_amo_id_amos","amo_id","public","amos","id"
"public","training_notifications","fk_training_notifications_created_by_user_id_users","created_by_user_id","public","users","id"
"public","training_notifications","fk_training_notifications_user_id_users","user_id","public","users","id"
"public","training_records","fk_training_records_amo_id_amos","amo_id","public","amos","id"
"public","training_records","fk_training_records_course_id_training_courses","course_id","public","training_courses","id"
"public","training_records","fk_training_records_created_by_user_id_users","created_by_user_id","public","users","id"
"public","training_records","fk_training_records_event_id_training_events","event_id","public","training_events","id"
"public","training_records","fk_training_records_superseded_by","superseded_by_record_id","public","training_records","id"
"public","training_records","fk_training_records_user_id_users","user_id","public","users","id"
"public","training_records","fk_training_records_verified_by_user_id_users","verified_by_user_id","public","users","id"
"public","training_requirements","fk_training_requirements_amo_id_amos","amo_id","public","amos","id"
"public","training_requirements","fk_training_requirements_course_id_training_courses","course_id","public","training_courses","id"
"public","training_requirements","fk_training_requirements_created_by_user_id_users","created_by_user_id","public","users","id"
"public","training_requirements","fk_training_requirements_user_id_users","user_id","public","users","id"
"public","usage_meters","fk_usage_meters_amo_id_amos","amo_id","public","amos","id"
"public","usage_meters","fk_usage_meters_license_id_tenant_licenses","license_id","public","tenant_licenses","id"
"public","user_active_context","fk_user_active_context_active_amo_id_amos","active_amo_id","public","amos","id"
"public","user_active_context","fk_user_active_context_last_real_amo_id_amos","last_real_amo_id","public","amos","id"
"public","user_active_context","fk_user_active_context_user_id_users","user_id","public","users","id"
"public","user_authorisations","fk_user_authorisations_authorisation_type_id_authorisat_dc6a","authorisation_type_id","public","authorisation_types","id"
"public","user_authorisations","fk_user_authorisations_granted_by_user_id_users","granted_by_user_id","public","users","id"
"public","user_authorisations","fk_user_authorisations_user_id_users","user_id","public","users","id"
"public","user_availability","fk_user_availability_amo_id_amos","amo_id","public","amos","id"
"public","user_availability","fk_user_availability_updated_by_user_id_users","updated_by_user_id","public","users","id"
"public","user_availability","fk_user_availability_user_id_users","user_id","public","users","id"
"public","user_base_assignments","fk_user_base_assignments_amo_id_amos","amo_id","public","amos","id"
"public","user_base_assignments","fk_user_base_assignments_base_station_id_base_stations","base_station_id","public","base_stations","id"
"public","user_base_assignments","fk_user_base_assignments_created_by_user_id_users","created_by_user_id","public","users","id"
"public","user_base_assignments","fk_user_base_assignments_user_id_users","user_id","public","users","id"
"public","user_group_members","fk_user_group_members_amo_id_amos","amo_id","public","amos","id"
"public","user_group_members","fk_user_group_members_group_id_user_groups","group_id","public","user_groups","id"
"public","user_group_members","fk_user_group_members_user_id_users","user_id","public","users","id"
"public","user_groups","fk_user_groups_amo_id_amos","amo_id","public","amos","id"
"public","user_groups","fk_user_groups_owner_user_id_users","owner_user_id","public","users","id"
"public","users","fk_users_approved_by_user_id_users","approved_by_user_id","public","users","id"
"public","users","fk_users_department_id_departments","department_id","public","departments","id"
"public","users","users_amo_id_fkey","amo_id","public","amos","id"
"public","vendors","fk_vendors_amo_id_amos","amo_id","public","amos","id"
"public","work_log_entries","fk_work_log_entries_amo_id_amos","amo_id","public","amos","id"
"public","work_log_entries","fk_work_log_entries_task_id_task_cards","task_id","public","task_cards","id"
"public","work_log_entries","fk_work_log_entries_user_id_users","user_id","public","users","id"
"public","work_orders","fk_work_orders_aircraft_serial_number_aircraft","aircraft_serial_number","public","aircraft","serial_number"
"public","work_orders","fk_work_orders_amo_id_amos","amo_id","public","amos","id"
"public","work_orders","fk_work_orders_created_by_user_id_users","created_by_user_id","public","users","id"
"public","work_orders","fk_work_orders_updated_by_user_id_users","updated_by_user_id","public","users","id"